INPUT,/blˌɑn̪d̪ˈit̪iɑ/,/brˈɑkkʰium/,/brˌɑkkʰˈiolum/,/bˈukkɑm/,/bˈɑikɑ/,/bˌɑllˈist̪ɑ/,/bˈɑsium/,/bˈɑːssum/,/bˌelˈen̪ion̪/,/bˌurrˈɑɡin̪em/,/bˌɑrbˈellɑ/,/d̪ˈekimum/,/d̪ˌeˈin̪t̪ro/,/d̪ˌekˈembrem/,/d̪ˈuoːs/,/d̪ˌeːbit̪ˈoːre/,/d̪ˌeːspˈekt̪um/,/d̪ˌeːsˌɑn̪ɡin̪ˈɑːre/,/d̪ˌikt̪ˈɑːt̪um/,/d̪ˌomˈiːn̪ikum/,/flˈɑmmɑm/,/frˈiːkt̪um/,/frˈon̪t̪e/,/frˈuːkt̪um/,/frˈɑksin̪um/,/frˌiːksˈeolum/,/fˈebrem/,/fˈiːkt̪um/,/fˈiːlium/,/fˈoliɑ/,/fˈon̪t̪em/,/fˈort̪iɑ/,/fˈurn̪ɑkeum/,/fˈɑkiem/,/fˈɑlkem/,/fˌɑkt̪ˈiːkium/,/fˌɑkt̪ˈuːrɑ/,/fˌɑmˈeːlikum/,/fˌɑrˈiːn̪ɑ/,/fˌɑst̪ˈiːd̪ium/,/hˌospit̪ˈɑːlem/,/hˌɑmikˈeolum/,/jˌɑkˈeːre/,/krˈeːd̪it̪/,/krˈuːd̪um/,/krˌeskˈeːre/,/krˌeˈɑːre/,/ku̯ˈiːn̪d̪ekim/,/ku̯ˈɑn̪d̪oː/,/ku̯ˈɑt̪t̪uor/,/ku̯ˈɑːle/,/ku̯ˌae̯rˈeːre/,/ku̯ˌiet̪ˈɑːre/,/kˈen̪t̪um/,/kˈiliɑ/,/kˈoksum/,/kˈorium/,/kˈubit̪um/,/kˈum/,/kˈursum/,/kˈɑn̪t̪ʰulum/,/kˈɑu̯sɑm/,/kˌae̯mˈen̪t̪um/,/kˌin̪erˈɑːt̪ɑ/,/kˌin̪kt̪ˈuːrɑ/,/kˌolˈobrɑ/,/kˌomperˈɑːre/,/kˌomput̪ˈɑːre/,/kˌompˈɑn̪ikum/,/kˌon̪d̪ˈukt̪um/,/kˌon̪st̪ˈɑːre/,/kˌon̪sut̪ˈuːrɑ/,/kˌon̪t̪rˈɑkt̪um/,/kˌord̪ˈolium/,/kˌorrˈiɡiɑm/,/kˌorrˈupt̪ium/,/kˌorˈɑmin̪e/,/kˌoriˈɑːkeɑm/,/kˌoˌopˈert̪um/,/kˌoːɡit̪ˈɑːre/,/kˌɑn̪n̪ˈiːkium/,/kˌɑpillɑt̪ˈuːrɑ/,/kˌɑpit̪ˈellum/,/kˌɑppˈellɑ/,/kˌɑprˈɑːrium/,/kˌɑpsˈeolɑ/,/kˌɑpt̪iˈɑːre/,/kˌɑpˈit̪iɑ/,/kˌɑrrikˈɑːre/,/kˌɑseˈɑːrium/,/kˌɑst̪ˈellum/,/kˌɑt̪eːn̪ˈɑːt̪um/,/lˈen̪t̪eum/,/lˈuːmin̪em/,/lˈɑkt̪em/,/lˈɑn̪keɑm/,/lˈɑu̯t̪iɑm/,/lˌeɡˈuːmin̪em/,/lˈeːɡem/,/lˌiːt̪iɡˈɑːre/,/lˌokˈellum/,/lˌumbrˈiːkem/,/lˌɑku̯eˈɑːre/,/mˈuriɑm/,/mˈut̪ium/,/mˈɑium/,/mˈɑn̪kulɑ/,/mˌɑn̪sioːn̪ˈɑːt̪ɑm/,/mˈɑskulum/,/mˌemorˈɑːre/,/mˌikst̪ˈiːkium/,/mˌorsikˈɑːre/,/mˌɑioːrˈiːn̪um/,/mˌɑkulˈɑːt̪ɑ/,/mˌɑt̪ˈeriɑ/,/mˌɑɡˈist̪rum/,/n̪ˈoːmin̪e/,/pˈet̪t̪iɑ/,/plˈɑn̪kt̪um/,/plˌikˈɑːre/,/prˌehˈen̪sum/,/prˌiːmˈɑt̪ikum/,/pˈerd̪it̪ɑm/,/pˈet̪rin̪eum/,/pˈilulɑ/,/pˈod̪ium/,/pˈosit̪um/,/pˈun̪kt̪um/,/pˈuːlikɑm/,/pˈɑlmɑm/,/pˈɑu̯kum/,/pˌed̪ˈuːkum/,/pˌeiˈoːrem/,/pˌekt̪orˈɑːlem/,/pˌelliːkˈɑːre/,/pˌellˈiːkeɑ/,/pˌolˈen̪t̪ɑ/,/pˌulsˈɑːre/,/pˈulu̯um/,/pˌulˈeɡium/,/pˌɑriet̪ˈiːn̪ɑs/,/rˈiɡid̪um/,/rˈɑd̪ium/,/rˈɑpʰɑn̪um/,/rˌekit̪ˈɑːre/,/rˌuɡˈiːt̪um/,/rˌɑssikˈɑːre/,/sˈeːmit̪ɑ/,/skʰˈolɑm/,/spˈoːn̪sum/,/sˈellɑm/,/sˈemper/,/sˈomn̪ium/,/sˈomn̪um/,/sˈuːkid̪um/,/sˈɑlikem/,/sˈɑlt̪um/,/sˈɑn̪ɡu̯in̪em/,/sˈɑpiɑt̪/,/sˌeku̯ˈen̪t̪e/,/sˌiɡˈillum/,/sˌolu̯ˈeːre/,/sˌupˈerbiɑm/,/sˌɑɡˈiːn̪ɑ/,/t̪rˈullɑ/,/t̪rˌin̪it̪iˈɑːre/,/t̪ˈepid̪um/,/t̪ˈeːɡulɑm/,/t̪ˈiːn̪kt̪um/,/t̪ˈurbid̪um/,/t̪ˈɑm/,/t̪ˌɑksˈoːn̪e/,/u̯ˌeksˈiːkɑ/,/u̯ˈɑːɡin̪ɑ/,/u̯ˈiːkt̪um/,/u̯ˈult̪urem/,/u̯ˌɑrˈiolɑ/,/ˌɑd̪t̪rˈɑn̪s/,/ɡlˈɑn̪d̪e/,/ɡrˈae̯kum/,/ɡˈubiɑ/,/ɡˌermˈɑːn̪um/,/ɡˌɑllˈiːn̪ɑ/,/ˈeremum/,/ˈiberum/,/ˈipsum/,/ˈokulum/,/ˈun̪kt̪um/,/ˈɑksem/,/ˈɑmit̪eːs/,/ˈɑn̪ksiɑ/,/ˈɑːreɑm/,/ˌɑːu̯ˈersum/,/ˈɑu̯rid̪iˈɑːre/,/ˌeksˈiːt̪um/,/ˌimpˈosit̪um/,/ˌin̪d̪ˈikulɑ/,/ˌin̪kˈiːn̪kt̪ɑ/,/ˌin̪lˈɑku̯eɑ/,/ˌin̪t̪ˈeɡrum/,/ˌoːrd̪ˈin̪ium/,/ˌɑbbrˌɑkʰiˈɑːre/,/ˌɑbbˈɑːt̪em/,/ˌɑd̪u̯ˌokɑt̪ˈoːrem/,/ˌɑd̪u̯ˈersum/,/ˌɑffrˈon̪t̪ɑ/,/ˌɑffrˈɑkt̪um/,/ˌɑkkˌubit̪ˈɑːre/,/ˌɑkkˌɑpt̪ˈɑːre/,/ˌɑku̯ˈɑkeɑm/,/ˌɑliˈeːn̪um/,/ˌɑlt̪ˈɑːrium/,/ˌɑlɑt̪ˈern̪um/,/ˌɑmɑrˈellum/,/ˌɑmˈɑrikum/,/ˌɑn̪n̪ˈikulum/,/ˌɑn̪ɑt̪ˈikulɑm/,/ˌɑppˈɑːrium/,/ˌɑpˈikulɑm/,/ˌɑrkˈɑːrium/,/ˌɑrmˈɑːrium/,/ˌɑrt̪ˈikulum/,/ˌɑsin̪ˈɑːrium/,/ˌɑskˈiolɑm/,/ˌɑst̪ˈellɑ/,/ˌɑst̪ˈurikɑ/,/ˌɑu̯t̪ˈumn̪um/,/ˌɑu̯ɡˈurium/,/ˌɑɡn̪ˈiːn̪um/,/ˌɑːbˈɑːkem/
R0,,,,,,,,,,,,,,,,,,,,,,,,,,,,,,,,,,,,,,,,,,,,,,,,,,,,*/ku̯ˌɑjrˈeːre/,,,,,,,,,,,*/kˌɑjmˈen̪t̪um/,,,,,,,,,,,,,,,,,,,,,,,,,,,,,,,,,,,,,,,,,,,,,,,,,,,,,,,,,,,,,,,,,,,,,,,,,,,,,,,,,,,,,,,,,,,,,,,,,,,,,,,,,,,,,,,,,,,,,*/ɡrˈɑjkum/,,,,,,,,,,,,,,,,,,,,,,,,,,,,,,,,,,,,,,,,,,,,,,,,,,
R1,,,,,,,,,,,,,,,,,,,,,,,,,,,,,,,,,,,,,,,,,*/ˌospit̪ˈɑːlem/,*/ˌɑmikˈeolum/,,,,,,,,,,,,,,,,,,,,,,,,,,,,,,,,,,,,,,,,,,,,,,,,,,,,,,,,,,,,,,,,,,,,,,,,,,,,,,,*/prˌeˈen̪sum/,,,,,,,,,,,,,,,,,,,,,,,,,,,,,,,,,,,,,,,,,,,,,,,,,,,,,,,,,,,,,,,,,,,,,,,,,,,,,,,,,,,,,,,,,,,,,,,,,,,,,,,,,,,,,
R2,,*/brˈɑkkium/,*/brˌɑkkˈiolum/,,,,,,,,,,,,,,,,,,,,,,,,,,,,,,,,,,,,,,,,,,,,,,,,,,,,,,,,,,*/kˈɑn̪t̪ulum/,,,,,,,,,,,,,,,,,,,,,,,,,,,,,,,,,,,,,,,,,,,,,,,,,,,,,,,,,,,,,,,,,,,,,,,,,,,,,,,,,,,*/rˈɑpɑn̪um/,,,,,*/skˈolɑm/,,,,,,,,,,,,,,,,,,,,,,,,,,,,,,,,,,,,,,,,,,,,,,,,,,,,,*/ˌɑbbrˌɑkiˈɑːre/,,,,,,,,,,,,,,,,,,,,,,,,,,,,
R3,,,,,,,,,,,,,,,,,,,,,,,,,,,,,,,,,,,,,,,,,,,,,,,,,,,,,,,,,,,,,,,,,,,,,,,,,,,,,,,,,,,,,,,,,,,,,,,,,,,,,,,,,,,,,,,,,,,,,,,,,,,,,,,,,,,,,,,,,,,,,,,,,,,,,,,,,,,,,,,,,,,,,,,,,,,,,,,,,,,,,,,,,,,,,,,,,,,,,,,,,,,,,,,,,,,,,,,,,,,,,,,,,,,,,,
R4,,,,,,,,,,,,,,,,,,,,,,,,,,,,,,,,,,,,,,,,,,,,,,,,,,,,,,,,,,,,,,,,,,,,,,,,,,,,,,,,,,,,,,,,,,,,,,,,,,,,,,,,,,,,,,,,,,,,,,,,,,,,,,,,,,,,,,,,,,,,,,,,,,,,,,,,,,,,,,,,,,,,,,,,,,,,,,,,,,,,,,,,,,,,,,,,,,,,,,,,,,,,,,,,,,,,,,,,,,,,,,,,,,,,,,
R5,,,,,,,,,,,,,,,,,,,,,,,,,,,,,,,,,,,,,,,,,,,,,,,,,,,,,,,,,,,,,,,,,,,,,,,*/kˌoːn̪st̪ˈɑːre/,*/kˌoːn̪sut̪ˈuːrɑ/,,,,,,,,,,,,,,,,,,,,,,,,,,,,,,,,,,,,*/mˌɑːn̪sioːn̪ˈɑːt̪ɑm/,,,,,,,,,,,,,*/prˌeˈeːn̪sum/,,,,,,,,,,,,,,,,,,,,,,,,,,,,,,,,,,,,,,,,,,,,,,,,,,,,,,,,,*/ˌɑd̪t̪rˈɑːn̪s/,,,,,,,,,,,,,,,,,,,,,,,,,,,,,,,,,,,,,,,,,,,,,,,,,,,,
R6,,,,,,,,,,,,,,,,,,,,,,,,,,,,,,,,,,,,,,,,,,,,,,,,,,,,,,,,,,,,,,,,,*/kˌiːn̪kt̪ˈuːrɑ/,,,,,,,,,,,,,,,,,,,,,,,,,,,,,,,,,,,,,,,,,,,,,,,,,,,,,,*/plˈɑːn̪kt̪um/,,,,,,,,,*/pˈuːn̪kt̪um/,,,,,,,,,,,,,,,,,,,,,,,,,,,,,,,,,,,,,,,,,,,,,,,,,,,,,,,,,,,,*/ˈuːn̪kt̪um/,,,*/ˈɑːn̪ksiɑ/,,,,,,,,,,,,,,,,,,,,,,,,,,,,,,,,,,,,,,,
R7,,,,,,,,,,,,,,,,,,,,,,,,,,,,,,,,,,,,,,,,,,,,,,,,,,,,,,,,,,,,,,,,,,,,,,,,,,,,,,,,,,,,,,,,,,,,,,,,,,,,,,,,,,,,,,,,,,,,,,,,,,,,,,,,,,,,,,,,,,,,,,,,,,,,,,,,,,,,,,,,,,,,,,,,,,,,,,,,,,,,,,,,,,,,,,,,,,,,,,,,,,,,,,,,,,,,,,,,,,,,,,,,,,,,,,
R8,,,,,,,,,,,,,,,,,,,,,,,,,,,,,,,,,,,,,,,,,,,,,,,,,,,,,,,,,,,,,,,,,,,,,,,,,,,,,,,,,,,,,,,,,,,,,,,,,,,,,,,,,,,,,,,,,,,,,,,,,,,,,,,,,,,,,,,,,,,,,,,,,,,,,,,,,,,,,,,,,,,,,,,,,,,,,,,,,,,,,,,,,,,,,,,,,,,,,,,,,,,,,,,,,,,,,,,,,,,,,,,,,,,,,,
R9,,,,,,,,,,,,,,,,,,,,,,,,,,,,,,,,,,,,,,,,,,,,,,,,,,,,,,,,,,,,,,,,,,,,,,,,,,,,,,,,,,,,,,,,,,,,,,,,,,,,,,,,,,,,,,,,,,,,,,,,,,,,,,,,,,,,,,,,,,,,,,,,,,,,,,,,,,,,,,,,,,,,,,,,,,,,,,,,,,,,,,,,,,,,,,,,,,,,,,,,,,,,,,,,,,,,,,,,,,,,,,,,,,,,,,
R10,,,,,,,,,,,,,,,,,,,,,,,,,,,,,,,,,,,,,,,,,,,,,,,,,,,,,,,,,,,,,,,,,*/kˌiːn̪t̪ˈuːrɑ/,,,,,,,,,,,,,,,,,,,,,,,,,,,,,,,,,,,,,,,,,,,,,,,,,,,,,,*/plˈɑːn̪t̪um/,,,,,,,,,*/pˈuːn̪t̪um/,,,,,,,,,,,,,,,,,,,,,,,,,,,,,,,,,,,,,,,,,*/t̪ˈiːn̪t̪um/,,,,,,,,,,,,,,,,,,,*/ˈuːn̪t̪um/,,,,,,,,,,*/ˌin̪kˈiːn̪t̪ɑ/,,,,,,,,,,,,,,,,,,,,,,,,,,,,,,,,
R11,,,,,,,,,,,,,,,,,,,,,,,,,,,,,,,,,,,,,,,,,,,,,,,,,,,,,,,,,,,,,,,,,,,,,,,,,,,,,,,,,,,,,,,,,,,,,,,,,,,,,,,,,,,,,,,,,,,,,,,,,,,,,,,,,,,,,,,,,,,,,,,,,,,,,,,,,,,,,,,,,,,,,,,,,,,,,,,,,,,,,,,,,,,,,,,,,,,,,,,,,,,,,,,,,,,,,,,,,,,,,,,,,,,,,,
R12,,,,,,,,,,,,,,,,,,,,,,,,,,,,,,,,,,,,,,,,,,,,,,,,,,,,,,,,,,,,,,,,,,,,,,,,,,,,,,,,,,,,,,,,,,,,,,,,,,,,,,,,,,,,,,,,,,,,,,,,,,,,,,,,,,,,,,,,,,,,,,,,,,,,,,,,,,,,,,,,,,,,,,,,,,,,,,,,,,,,,,,,,,,,,,,,,,,,,,,,,,,,,,,,,,,,,,,,,,,,,,,,,,,,,,
R13,,,,,,,,,,,,,,,,,,,,,,,,,,,,,,,,,,,,,,,,,,,,,,,,,,,,,,,,,,,,,,,,,,,,,,,,,,,,,,,,,,,,,,,,,,,,,,,,,,,,,,,,,,,,,,,,,,,,,,,,,,,,,,,,,,,,,,,,,,,,,,,,,,,,,,,,,,,,,,,,,,,,,,,,,,,,,,,,,,,,,,,,,,,,,,,,,,,,,,,,,,,,,,,,,,,,,,,,,,,,,,,,,,,,,,
R14,,,,,,,,,,,,,,,,,,,,,,,,,,,,,,,,,,,,,,,,,,,,,,,,,,,,,,,,,,,,,,,,,,,,,,,,,,,,,,,,,,,,,,,,,,,,,,,,,,,,,,,,,,,,,,,,,,,,,,,,,,,,,,,,,,,,,,,,,,,,,,,,,,,,,,,,,,,,,,,,,,,,,,,,,,,,,,,,,,,,,,,,,,,,,,,,,,,,,,,,,,,,,,,,,,,,,,,,,,,,,,,,,,,,,,
R15,,,,,,,,,,,,,,,,,,*/d̪ˌeːsˌɑŋɡin̪ˈɑːre/,,,,,,,,,,,,,,,,,,,,,,,,,,,,,,,,,,,,,,,,,,,,,,,,,,,,,*/kˌoːnst̪ˈɑːre/,*/kˌoːnsut̪ˈuːrɑ/,,,,,,,,,,,,,,,,,,,,,,,,*/lˈɑŋkeɑm/,,,,,,,,,,,*/mˈɑŋkulɑ/,*/mˌɑːnsioːn̪ˈɑːt̪ɑm/,,,,,,,,,,,,,*/prˌeˈeːnsum/,,,,,,,,,,,,,,,,,,,,,,,,,,,,,*/spˈoːnsum/,,,*/sˈon̪n̪ium/,*/sˈon̪n̪um/,,,,*/sˈɑŋɡu̯in̪em/,,,,,,,,,,,,,,,,,,,,,,,,,,,,,,,,,*/ˈɑːŋksiɑ/,,,,,,,*/ˌiŋkˈiːn̪t̪ɑ/,*/ˌinlˈɑku̯eɑ/,,,,,,,,,,,,,,,,,,,,,,,,,,,,*/ˌɑu̯t̪ˈun̪n̪um/,,,
R16,,,,,,,,,,,,,,,,,,,,,,,,,,,,,,,,,,,,,,,,,,,,,,,,,,,,,,,,,,,,,,,,,,,,,,,,,,,,,,,,,,,,,,,,,,,,,,,,,,,,,,,,,,,,,,,,,,,,,,,,,,,,,,,,,,,,,,,,,,,,,,,,,,,,,,,,,,,,,*/sˈɑl̪t̪um/,,,,,,,,,,,,,,,,,,,*/u̯ˈul̪t̪urem/,,,,,,,,,,,,,,,,,,,,,,,,,,,,,,,,,,,,*/ˌɑl̪t̪ˈɑːrium/,,,,,,,,,,,,,,,,,,
R17,,,,,,,,,,,,,,,,,,,,,,,,,,,,,,,,,,,,,,,,,,,,,,,,,,,,,,,,,,,,,,,,,,,,,,,,,,,,,,,,,,,,,,,,,,,,,,,,,,,,,,,,,,,,,,,,,,,,,,,,,,,,,,,,,,,,,,,,,,,,,,,,,,,,,,,,,,,,,,,,,,,,,,,,,,,,,,,,,,,,,,,,,,,,,,,,,,,,,,,,,,,,,,,,,,,,,,,,,,,,,,,,,,,,,,
R18,,,,,,,,,,,,,,,,,,,,,,,,,,,,,,,,,,,,,,,,,,,,,,,,,,,,,,,,,,,,,,,,,,,,,,,,,,,,,,,,,,,,,,,,,,,,,,,,,,,,,,,,,,,,,,,,,,,,,,,,,,,,,,,,,,,,,,,,,,,,,,,,,,,,,,,,,,,,,,,,,,,,,,,,,,,,,,,,,,,,,,,,,,,,,,,,,,,,,,,,,,,,,,,,,,,,,,,,,,,,,,,,,,,,,,
R19,,,,,,,,,,,,,,,,,,,,,,,,,,,,,,,,,,,,,,,,,,,,,,,,,,,,,,,,,,,,,,,,,,,,,,,,,,,,,,,,,,,,,,,,,,,,,,,,,,,,,,,,,,,,,,,,,,,,,,,,,,,,,,,,,,,,,,,,,,,,,,,,,,,,,,,,,,,,,,,,,,,,,,,,,,,,,,,,,,,,,,,,,,,,,,,,,,,,,,,,,,,,,,,,,,,,,,,,,,,,,,,,,,,,,,
R20,,,,,,,,,,,,,,,,,,,,,,,,,,,,,,,,,,,,,,,,,,,,,,,,,,,,,,,,,,,,,,,,,,,,,,,,,,,,,,,,,,,,,,,,,,,,,,,,,,,,,,,,,,,,,,,,,,,,,,,,,,,,,,,,,,,,,,,,,,,,,,,,,,,,,,,,,,,,,,,,,,,,,,,,,,,,,,,,,,,,,,,,,,,,,,,,,,,,,,,,,,,,,,,,,,,,,,,,,,,,,,,,,,,,,,
R21,,,,,,,,,,,,,,,,,,,,,,,,,,,,,,,,,,,,,,,,,,,,,,,,,,,,,,,,,,,,,,,,,,,,,,,,,,,,,,,,,,,,,,,,,,,,,,,,,,,,,,,,,,,,,,,,,,,,,,,,,,,,,,,,,,,,,,,,,,,,,,,,,,,,,,,,,,,,,,,,,,,,,,,,,,,,,,,,,,,,,,,,,,,,,,,,,,,,,,,,,,,,,,,,,,,,,,,,,,,,,,,,,,,,,,
R22,,,,,,,,,,,,,,,,,,,,,,,,,,,,,,,,,,,,,,,,,,,,,,,,,,,,,,,,,,,,,,,,,,,,,,,,,,,,,,,,,,,,,,,,,,,,,,,,,,,,,,,,,,,,,,,,,,,,,,,,,,,,,,,,,,,,,,,,,,,,,,,,,,,,,,,,,,,,,,,,,,,,,,,,,,,,,,,,,,,,,,,,,,,,,,,,,,,,,,,,,,,,,,,,,,,,,,,,,,,,,,,,,,,,,,
R23,,,,,,*/bˌɑllˈis̪t̪ɑ/,,,,,,,,,,,,,,,,,,,,,,,,,,,,,,,,,,*/fˌɑs̪t̪ˈiːd̪ium/,,,,,,,,,,,,,,,,,,,,,,,,,,,,,,,*/kˌoːns̪t̪ˈɑːre/,,,,,,,,,,,,,,,,,,,,*/kˌɑs̪t̪ˈellum/,,,,,,,,,,,,,,,,,,,,*/mˌiks̪t̪ˈiːkium/,,,,,*/mˌɑɡˈis̪t̪rum/,,,,,,,,,,,,,,,,,,,,,,,,,,,,,,,,,,,,,,,,,,,,,,,,,,,,,,,,,,,,,,,,,,,,,,,,,,,,,,,,,,,,,,,,,,,,,,,,,,,,,,,,,,,,,*/ˌɑs̪t̪ˈellɑ/,*/ˌɑs̪t̪ˈurikɑ/,,,,
R24,,,,,,,,,,,,,,,,,,,,,,,,,,,,,,,,,,,,,,,,,,,,,,,,,,,,*/ku̯ˌɛjrˈeːre/,,,,,,,,,,,*/kˌɛjmˈen̪t̪um/,,,,,,,,,,,,,,,,,,,,,,,,,,,,,,,,,,,,,,,,,,,,,,,,,,,,,,,,,,,,,,,,,,,,,,,,,,,,,,,,,,,,,,,,,,,,,,,,,,,,,,,,,,,,,,,,,,,,,*/ɡrˈɛjkum/,,,,,,,,,,,,,,,,,,,,,,,,,,,,,,,,,,,,,,,,,,,,,,,,,,
R25,,,,,,,,,,,,,,,,,,,,,,,,,,,,,,,,,,,,,,,,,,,,,,,,,,,,*/ku̯ˌejrˈeːre/,,,,,,,,,,,*/kˌejmˈen̪t̪um/,,,,,,,,,,,,,,,,,,,,,,,,,,,,,,,,,,,,,,,,,,,,,,,,,,,,,,,,,,,,,,,,,,,,,,,,,,,,,,,,,,,,,,,,,,,,,,,,,,,,,,,,,,,,,,,,,,,,,,,,,,,,,,,,,,,,,,,,,,,,,,,,,,,,,,,,,,,,,,,,,,,,,,,
R26,,,,,,,,,,,,,,,,,,,,,,,,,,,,,,,,,,,,,,,,,,,,,,,,,,,,*/ku̯ˌeːrˈeːre/,,,,,,,,,,,*/kˌeːmˈen̪t̪um/,,,,,,,,,,,,,,,,,,,,,,,,,,,,,,,,,,,,,,,,,,,,,,,,,,,,,,,,,,,,,,,,,,,,,,,,,,,,,,,,,,,,,,,,,,,,,,,,,,,,,,,,,,,,,,,,,,,,,*/ɡrˈɛːkum/,,,,,,,,,,,,,,,,,,,,,,,,,,,,,,,,,,,,,,,,,,,,,,,,,,
R27,,,,,,,,,,,,,,,,,,,,,,,,,,,,,,,,,,,,,,,,,,,,,,,,,,,,,,,,,,,,,,,,,,,,,,,,*/kˌoːnst̪ˈuːrɑ/,,,,,,,,,,,,,,,,,,,,,,,,,,,,,,,,,,,,,,,,,,,,,,,,,,,,,,,,,,,,,,,,,,,,,,,,,,,,,,,,,,,,,,,,,,,,,,,,,,,,,,,,,,,,,,,,,,,,,,,,,,,,,,,,,,,,,,,,,,,,,,,,,,,,,,,*/ˌɑsn̪ˈɑːrium/,,,,,,,
R28,,,,,,,,,,,,,,,,,,,,,,,,,,,,,,,,,,,,,,,,,,,,,,,,,,,,,,,,,,,,,,,,,,,,,,,,,,,,,,,,,,,,,,,,,,,,,,,,,,,,,,,,,,,,,,,,,,,,,,,,,,,,,,,,,,,,,,,,,,,,,,,,,,,,,,,,,,,,,,,,,,,,,,,,,,,,,,,,,,,,,,,,,,,,,,,,,,,,,,,,,,,,,,,,,,,,,,,,,,,,,,,,,,,,,,
R29,,,,,,,,,,,,,,,,,,,,,,,,,,,,,,,,,,,,,,,,,,,,,,,,,,,,,,,,,,,,,,,,*/kˌin̪rˈɑːt̪ɑ/,,,*/kˌomprˈɑːre/,,,,,,,,,,,,,,,,,,,,,,,,,,,,,,,,,,,,,,,,,,,*/mˌemrˈɑːre/,,,,*/mˌɑklˈɑːt̪ɑ/,,,,,,,,,,,,,,,,,,,,*/pˌekt̪rˈɑːlem/,,,,,,,,,,,,,,,,,,,,,,,,,,,,,,,,,,,,,,,,,,,,,,,,,,,,,,,,,,,,,,,,,,,,,,,,,,,,,,,,,,,,,,,,,,,,,,,,
R30,,,,,,,,,,,,,,,,,,,,,,,,,*/frˈɑksn̪um/,,,,,,,,,,,,,,,,,,,,,,,,,,,,,,,,,,,,,,,,,,,,,,,,,,,,,,,,,,,,,,,,,,,,,,,,,,,,,,,,,,,,,,,,,,,,,,,,,,,,,,*/pˈost̪um/,,,,,,,,,,,,,,,,,,,,,,,,,,,,,,,,,,,,,,,,,,,,,,,,,,,,,,,,,,,,,,,,,,,,,*/ˌimpˈost̪um/,,,,,,,,,,,,,,,,,,,,,,,,,,,,,,,,,,
R31,,,,,,,,,,,,,,,,,,,,,,,,,,,,,,,,,,,,,,,,,,,,,,,,,,,,,,,,,,,,,,,,,,,,,,,,,,,,,,,,,,,,,,,,,,,,,,,,,,,,,,,,,,,,,,,,,,,,,,,,,,,,*/pˈet̪rn̪eum/,*/pˈillɑ/,,,,,,,,,,,,,,,,,,,,,,,,,,,,,,,,,,,,,,,,,,,,,,,,,,,,,,,,,,,*/ˈermum/,,,,,,,,,,*/ˈɑu̯rd̪iˈɑːre/,,,,,,,,,,,,,,,,,,,,,,,,,,,,,,,,,,,,
R32,,,,,,,,,,,,,,,,,,,,,,,,,,,,,,,,,,,,,,,,,,,,,,,,,,,,,,,,,,,,,*/kˈɑn̪t̪lum/,,,,,,,,,,,,,,,,,,,,,,,,,,,,,,,,,,,,,,,,,,,,,,*/mˈɑŋklɑ/,,*/mˈɑsklum/,,,,,,,,,,,,,,,,,,,,,,,,,,,,,,,,,,,,,,,,,,,,,,,,,,,,,,,,,,,*/t̪ˈeːɡlɑm/,,,,,,,,*/u̯ˈul̪t̪rem/,,,,,,,,,*/ˈibrum/,,*/ˈoklum/,,,,,,,,,,*/ˌin̪d̪ˈiklɑ/,,,,,,,,,,,,,,,,,,,*/ˌɑn̪n̪ˈiklum/,*/ˌɑn̪ɑt̪ˈiklɑm/,,*/ˌɑpˈiklɑm/,,,*/ˌɑrt̪ˈiklum/,,,,,,,,
R33,,*/brˈɑkkiu/,*/brˌɑkkˈiolu/,*/bˈukkɑ/,,,*/bˈɑsiu/,*/bˈɑːssu/,*/bˌelˈen̪io/,*/bˌurrˈɑɡin̪e/,,*/d̪ˈekimu/,,*/d̪ˌekˈembre/,,,*/d̪ˌeːspˈekt̪u/,,*/d̪ˌikt̪ˈɑːt̪u/,*/d̪ˌomˈiːn̪iku/,*/flˈɑmmɑ/,*/frˈiːkt̪u/,,*/frˈuːkt̪u/,*/frˈɑksn̪u/,*/frˌiːksˈeolu/,*/fˈebre/,*/fˈiːkt̪u/,*/fˈiːliu/,,*/fˈon̪t̪e/,,*/fˈurn̪ɑkeu/,*/fˈɑkie/,*/fˈɑlke/,*/fˌɑkt̪ˈiːkiu/,,*/fˌɑmˈeːliku/,,*/fˌɑs̪t̪ˈiːd̪iu/,*/ˌospit̪ˈɑːle/,*/ˌɑmikˈeolu/,,,*/krˈuːd̪u/,,,*/ku̯ˈiːn̪d̪eki/,,,,,,*/kˈen̪t̪u/,,*/kˈoksu/,*/kˈoriu/,*/kˈubit̪u/,,*/kˈursu/,*/kˈɑn̪t̪lu/,*/kˈɑu̯sɑ/,*/kˌeːmˈen̪t̪u/,,,,,,*/kˌompˈɑn̪iku/,*/kˌon̪d̪ˈukt̪u/,,,*/kˌon̪t̪rˈɑkt̪u/,*/kˌord̪ˈoliu/,*/kˌorrˈiɡiɑ/,*/kˌorrˈupt̪iu/,,*/kˌoriˈɑːkeɑ/,*/kˌoˌopˈert̪u/,,*/kˌɑn̪n̪ˈiːkiu/,,*/kˌɑpit̪ˈellu/,,*/kˌɑprˈɑːriu/,,,,,*/kˌɑseˈɑːriu/,*/kˌɑs̪t̪ˈellu/,*/kˌɑt̪eːn̪ˈɑːt̪u/,*/lˈen̪t̪eu/,*/lˈuːmin̪e/,*/lˈɑkt̪e/,*/lˈɑŋkeɑ/,*/lˈɑu̯t̪iɑ/,*/lˌeɡˈuːmin̪e/,*/lˈeːɡe/,,*/lˌokˈellu/,*/lˌumbrˈiːke/,,*/mˈuriɑ/,*/mˈut̪iu/,*/mˈɑiu/,,*/mˌɑːnsioːn̪ˈɑːt̪ɑ/,*/mˈɑsklu/,,*/mˌiks̪t̪ˈiːkiu/,,*/mˌɑioːrˈiːn̪u/,,,*/mˌɑɡˈis̪t̪ru/,,,*/plˈɑːn̪t̪u/,,*/prˌeˈeːnsu/,*/prˌiːmˈɑt̪iku/,*/pˈerd̪it̪ɑ/,*/pˈet̪rn̪eu/,,*/pˈod̪iu/,*/pˈost̪u/,*/pˈuːn̪t̪u/,*/pˈuːlikɑ/,*/pˈɑlmɑ/,*/pˈɑu̯ku/,*/pˌed̪ˈuːku/,*/pˌeiˈoːre/,*/pˌekt̪rˈɑːle/,,,,,*/pˈulu̯u/,*/pˌulˈeɡiu/,,*/rˈiɡid̪u/,*/rˈɑd̪iu/,*/rˈɑpɑn̪u/,,*/rˌuɡˈiːt̪u/,,,*/skˈolɑ/,*/spˈoːnsu/,*/sˈellɑ/,,*/sˈon̪n̪iu/,*/sˈon̪n̪u/,*/sˈuːkid̪u/,*/sˈɑlike/,*/sˈɑl̪t̪u/,*/sˈɑŋɡu̯in̪e/,,,*/sˌiɡˈillu/,,*/sˌupˈerbiɑ/,,,,*/t̪ˈepid̪u/,*/t̪ˈeːɡlɑ/,*/t̪ˈiːn̪t̪u/,*/t̪ˈurbid̪u/,,,,,*/u̯ˈiːkt̪u/,*/u̯ˈul̪t̪re/,,,,*/ɡrˈɛːku/,,*/ɡˌermˈɑːn̪u/,,*/ˈermu/,*/ˈibru/,*/ˈipsu/,*/ˈoklu/,*/ˈuːn̪t̪u/,*/ˈɑkse/,,,*/ˈɑːreɑ/,*/ˌɑːu̯ˈersu/,,*/ˌeksˈiːt̪u/,*/ˌimpˈost̪u/,,,,*/ˌin̪t̪ˈeɡru/,*/ˌoːrd̪ˈin̪iu/,,*/ˌɑbbˈɑːt̪e/,*/ˌɑd̪u̯ˌokɑt̪ˈoːre/,*/ˌɑd̪u̯ˈersu/,,*/ˌɑffrˈɑkt̪u/,,,*/ˌɑku̯ˈɑkeɑ/,*/ˌɑliˈeːn̪u/,*/ˌɑl̪t̪ˈɑːriu/,*/ˌɑlɑt̪ˈern̪u/,*/ˌɑmɑrˈellu/,*/ˌɑmˈɑriku/,*/ˌɑn̪n̪ˈiklu/,*/ˌɑn̪ɑt̪ˈiklɑ/,*/ˌɑppˈɑːriu/,*/ˌɑpˈiklɑ/,*/ˌɑrkˈɑːriu/,*/ˌɑrmˈɑːriu/,*/ˌɑrt̪ˈiklu/,*/ˌɑsn̪ˈɑːriu/,*/ˌɑskˈiolɑ/,,,*/ˌɑu̯t̪ˈun̪n̪u/,*/ˌɑu̯ɡˈuriu/,*/ˌɑɡn̪ˈiːn̪u/,*/ˌɑːbˈɑːke/
R34,,,,,,,,,,,,,,,,,,,,,,,,,,,,,,,,,,,,,,,,,,,,,,,,,,,,,,,,,,,,,,,,,,,,,,,*/kˌoːs̪t̪ˈɑːre/,*/kˌoːst̪ˈuːrɑ/,,,,,,,,,,,,,,,,,,,,,,,,,,,,,,,,,,,,*/mˌɑːsioːn̪ˈɑːt̪ɑ/,,,,,,,,,,,,,*/prˌeˈeːsu/,,,,,,,,,,,,,,,,,,,,,,,,,,,,,*/spˈoːsu/,,,,,,,,,,,,,,,,,,,,,,,,,,,,*/ˌɑd̪t̪rˈɑːs/,,,,,,,,,,,,,,,,,,,,,,,,,,,,,,,,,,,,,,,,,,,,,,,,,,,,
R35,,,,,,,,,,,,,,,,,,,,,,,,,,,,,,,,,,,,,,,,,,,,*/krˈeːd̪i/,,,,,,,,,,,,,,,,,,,,,,,,,,,,,,,,,,,,,,,,,,,,,,,,,,,,,,,,,,,,,,,,,,,,,,,,,,,,,,,,,,,,,,,,,,,,,,,,,,,,,,,,,,,,,,,,,,,*/sˈɑpiɑ/,,,,,,,,,,,,,,,,,,,,,,,,,,,,,,,,,,,,,,,,,,,,,,,,,,,,,,,,,,,,,,,,,,,,,,,
R36,,,,,,,,,,,,,,,,,,,,,,,,,,,,,,,,,,,,,,,,,,,,,,,,,,,,,,,,,,,*/kˈun̪/,,,,,,,,,,,,,,,,,,,,,,,,,,,,,,,,,,,,,,,,,,,,,,,,,,,,,,,,,,,,,,,,,,,,,,,,,,,,,,,,,,,,,,,,,,,,,,,,,,,,,,,,,,,,,,,,*/t̪ˈɑn̪/,,,,,,,,,,,,,,,,,,,,,,,,,,,,,,,,,,,,,,,,,,,,,,,,,,,,,,,,,,,
R37,,,,,,,,,,,,,,,,,,,,,,,,,*/frˈɑsn̪u/,,,,,,,,,,,,,,,,,,,,,,,,,,,,,,,,,,,,,,,,,,,,,,,,,,,,,,,,,,,,,,,,,,,,,,,,,,,,,,,,,,,,,,*/mˌis̪t̪ˈiːkiu/,,,,,,,,,,,,,,,,,,,,,,,,,,,,,,,,,,,,,,,,,,,,,,,,,,,,,,,,,,,,,,,,,,,,,,,,,,,,,,,,,,,,,,,,,,,,,,,,,,,,,,,,,,,,,,,,,,,,,,,
R38,,,,,,,,,,,,,,,,,,,,,,,,,,,,,,,,,,,,,,,,,,,,,,,,,,,,,,,,,,,,,,,,,,,,,,,,,,,,,,,,,,,,,,,,,,,,,,,,,,,,,,,,,,,,,,,,,,,,,,,,,,,,,,,,,,,,,,,,,,,,,,,,,,,,,,,,,,,,,,,,,,,,,,,,,,,,,,,,,,,,,,,,,,,,,,,,,,,,,,,,,,,,,,,,,,,,,,,,,,,,,,,,,,,,,,
R39,,,,,,,,,,,,,,,,,*/d̪ˌeːspˈext̪u/,,*/d̪ˌixt̪ˈɑːt̪u/,,,*/frˈiːxt̪u/,,*/frˈuːxt̪u/,,*/frˌiːxsˈeolu/,,*/fˈiːxt̪u/,,,,,,,,*/fˌɑxt̪ˈiːkiu/,*/fˌɑxt̪ˈuːrɑ/,,,,,,,,,,,,,,,,,,,*/kˈoxsu/,,,,,,,,,,,,,,*/kˌon̪d̪ˈuxt̪u/,,,*/kˌon̪t̪rˈɑxt̪u/,,,,,,,,,,,,,,,,,,,,,,*/lˈɑxt̪e/,,,,,,,,,,,,,,,,,,,*/mˌɑxlˈɑːt̪ɑ/,,,,,,,,,,,,,,,,,,,,*/pˌext̪rˈɑːle/,,,,,,,,,,,,,,,,,,,,,,,,,,,,,,,,,,*/t̪ˈeːɣlɑ/,,,,*/t̪ˌɑxsˈoːn̪e/,*/u̯ˌexsˈiːkɑ/,,*/u̯ˈiːxt̪u/,,,,,,,,,,,,*/ˈoxlu/,,*/ˈɑxse/,,,,,,*/ˌexsˈiːt̪u/,,*/ˌin̪d̪ˈixlɑ/,,,*/ˌin̪t̪ˈeɣru/,,,,,,,*/ˌɑffrˈɑxt̪u/,,,,,,,,,*/ˌɑn̪n̪ˈixlu/,*/ˌɑn̪ɑt̪ˈixlɑ/,,*/ˌɑpˈixlɑ/,,,*/ˌɑrt̪ˈixlu/,,,,,,,*/ˌɑɣn̪ˈiːn̪u/,
R40,,,,,,,,,,,,,,,,,,,,,,,,,,,,,,,,,,,,,,,,,,,,,,,,,,,,,,,,,,,,*/kˈussu/,,,,,,,,,,,,,,,,,,,,,,,,,,,,,,,,,,,,,,,,,,,,,,,,,,,,*/mˌossikˈɑːre/,,,,,,,,,,,,,,,,,,,,,,,,,,,,,,,,,,,,,,,,,,,,,,,,,,,,,,,,,,,,,,,,,,,,,,,,,,,,,,,,,*/ˌɑːu̯ˈessu/,,,,,,,,,,,,*/ˌɑd̪u̯ˈessu/,,,,,,,,,,,,,,,,,,,,,,,,,
R41,,,,,,,,,,,,,,,,,,,,,,,,,,,,,,,,,,*/fˈɑkieː/,,,,,,,,,,,,,,,,,,,,,,,,,,,,,,,,,,,,,,,,,,,,,*/kˌoˌoːpˈert̪u/,,,,,,,,,,,,,,,,,,,,,,,,,,,,,,,,,,,,,,,,,,,,,,,,,,,,,,*/pˌeiːˈoːre/,,,,,,,,,,,,,,,,,,,,,,,,,,,,,,,,,,,,,,,,,,,,,,,,,,,,,,,,,,,,,,,,,,,,,,,,,,,,,,,,,,,,,,,,,,,,,,,,,
R42,,,,,,,,,,,,,,,,,,,,,,,,,,,,,,,,,,,,,,,,,,,,,,,,,,,,,,,,,,,,,,,,,,,,,,,,,,,,,,,,,,,,,,,,,,,,,,,,,,,,,,,,,,,,,,,,,,,,,,,,,,,,,,,,,,,,,,,,,,,,,*/pˌɑrieːt̪ˈiːn̪ɑs/,,,,,,,,,,,,,,,,,,,,,,,,,,,,,,,,,,,,,,,,,,,,,,,,,,,,,,,,,,,,,,,,,,,,,,,,,,,,,,,,,,,,,,,,,
R43,,,*/brˌɑkkiˈolu/,,,,,,,,,,,,*/d̪uˈoːs/,,,,,,,,,,,,,,,,,,,,,,,,,,,,,,,,,,,,,,*/ku̯iˈet̪ˈɑːre/,,,,,,,,,,,,,,,,,,,,,,,,,,,,,,,,,,,,,,,,,,,,,,,,,,,,,,,,,,,,,,,,,,,,,,,,,,,,,,,,,,,,,,,,,,,,,,,,,,,,,,,,,,,,,,,,,,,,,,,,,,,,*/u̯ˌɑriˈolɑ/,,,,,,,,,,,,,,,,,,,,,,,,,,,,,,,,,,,,,,,,,,,,,,,*/ˌɑskiˈolɑ/,,,,,,
R44,,,,,,,,,,,,,,,,,,,,,,,,,,,,,,,,,,,,,,,,,,,,,,,,,,,,,,,,,,,,,,,,,,,,,,,,,,,,,,,,,,,,,,,,,,,,,,,,,,,,,,,,,,,,,,,,,,,,,,,,,,,,,,,,,,,,,,,,,,,,,,,,,,,,,,,,,,,,,,,,,,,,,,,,,,,,,,,,,,,,,,,,,,,,,,,,,,,,,,,,,,,,,,,,,,,,,,,,,,,,,,,,,,,,,,
R45,,,,,,,,,,,,,,,,,,,,,,,,,,*/frˌiːxseˈolu/,,,,,,,,,,,,,,,,*/ˌɑmikeˈolu/,,,,,,,,,,,,,,,,,,,,,,,,,,,,,,,,,,,,,,,,,,,,*/kˌɑpseˈolɑ/,,,,,,,,,,,,,,,,,,,,,,,,,,,,,,,,,,,,,,,,,,,,,,,,,,,,,,,,,,,,,,,,,,,,,,,,,,,,,,,,,,,,,,,,,,,,,,,,,,,,,,,,,,,,,,,,,,,,,,,,,,,,,,,,,,,,,,,,,,,,,,,,
R46,,,,,,,,,,*/bˌurrˈɑin̪e/,,,,,,,,,,,,,,,,,,,,,,,,,,,,,,,,,,,,,,,,,,,,,,,,,,,,,,,,,,,,,,,,,*/kˌorrˈiiɑ/,,,,,,,,,,,,,,,,,,,,,,,,,,,,,,,,,,,,,,,,,*/mˌɑˈis̪t̪ru/,,,,,,,,,,,,,,,,,,,,,,,,*/pˌulˈeiu/,,*/rˈiid̪u/,,,,*/rˌuˈiːt̪u/,,,,,,,,,,,,,,,*/sˌiˈillu/,,,*/sˌɑˈiːn̪ɑ/,,,,,,,,,,,,,,,,,,,,,,,,,,,,,,,,,,,,,,,,,,,,,,,,,,,,,,,,,,,,,,,,,,
R47,,*/brˈɑkkju/,,,,,*/bˈɑsju/,,,,,,,,,,,,,,,,,,,,,,*/fˈiːlju/,,,,*/fˈurn̪ɑkju/,,,*/fˌɑxt̪ˈiːkju/,,,,*/fˌɑs̪t̪ˈiːd̪ju/,,,,,,,,,,,,,,,,,*/kˈorju/,,,,,,,,,,,,,,,,,*/kˌord̪ˈolju/,,*/kˌorrˈupt̪ju/,,,,,*/kˌɑn̪n̪ˈiːkju/,,,,*/kˌɑprˈɑːrju/,,,,,*/kˌɑseˈɑːrju/,,,*/lˈen̪t̪ju/,,,,,,,,,,,,*/mˈut̪ju/,*/mˈɑju/,,,,,*/mˌis̪t̪ˈiːkju/,,,,,,,,,,,,,*/pˈet̪rn̪ju/,,*/pˈod̪ju/,,,,,,,,,,,,,,*/pˌulˈeju/,,,*/rˈɑd̪ju/,,,,,,,,,,*/sˈon̪n̪ju/,,,,,,,,,,,,,,,,,,,,,,,,,,,,,,,,,,,,,,,,,,,,,,,,*/ˌoːrd̪ˈin̪ju/,,,,,,,,,,,*/ˌɑl̪t̪ˈɑːrju/,,,,,,*/ˌɑppˈɑːrju/,,*/ˌɑrkˈɑːrju/,*/ˌɑrmˈɑːrju/,,*/ˌɑsn̪ˈɑːrju/,,,,,*/ˌɑu̯ɡˈurju/,,
R48,,,,,,,,,,,,,,,,,,,,,,,,,,,,,,,,,,,,,,,,,,,,,,,,,,,,,,,,,,,,,,,,,,,,,,,,,,,,,,,,,,,,,,,,,,,,,,,,,,,,,,,,,,,,,,,,,,,,,,,,,,,,,,,,,,,,,,,,,,,,,,,,,,,,,,,,,,,,,,,,,,,,,,,,,,,,,,,,,,,,,,,,,,,,,,,,,,,,,,,,,,,,,,,,,,,,,,,,,,,,,,,,,,,,,,
R49,*/blˌɑn̪d̪ˈit̪jɑ/,,*/brˌɑkkjˈolu/,,,,,,*/bˌelˈen̪jo/,,,,,,,,,,,,,,,,,*/frˌiːxsjˈolu/,,,,*/fˈoljɑ/,,*/fˈort̪jɑ/,,,,,,,,,,*/ˌɑmikjˈolu/,,,,,,,,,,,,,*/kˈiljɑ/,,,,,,,,,,,,,,,,,,,,*/kˌorrˈijɑ/,,,*/kˌorjˈɑːkjɑ/,,,,,,,,*/kˌɑpsjˈolɑ/,*/kˌɑpt̪jˈɑːre/,*/kˌɑpˈit̪jɑ/,,*/kˌɑsjˈɑːrju/,,,,,,*/lˈɑŋkjɑ/,*/lˈɑu̯t̪jɑ/,,,,,,*/lˌɑku̯jˈɑːre/,*/mˈurjɑ/,,,,*/mˌɑːsjoːn̪ˈɑːt̪ɑ/,,,,,*/mˌɑjoːrˈiːn̪u/,,*/mˌɑt̪ˈerjɑ/,,,*/pˈet̪t̪jɑ/,,,,,,,,,,,,,,,*/pˌejˈoːre/,,,*/pˌellˈiːkjɑ/,,,,,,,,,,,,,,,,,,,,,,,*/sˈɑpjɑ/,,,,*/sˌupˈerbjɑ/,,,*/t̪rˌin̪it̪jˈɑːre/,,,,,,,,,,,*/u̯ˌɑrjˈolɑ/,,,,*/ɡˈubjɑ/,,,,,,,,,,*/ˈɑːŋksjɑ/,*/ˈɑːrjɑ/,,*/ˈɑu̯rd̪jˈɑːre/,,,,,*/ˌinlˈɑku̯jɑ/,,,*/ˌɑbbrˌɑkjˈɑːre/,,,,,,,,*/ˌɑku̯ˈɑkjɑ/,,,,,,,,,,,,,,*/ˌɑskjˈolɑ/,,,,,,
R50,,,*/brˌɑkkjˈɔlu/,,,,,,*/bˌelˈɛn̪jo/,,*/bˌɑrbˈɛllɑ/,*/d̪ˈɛkimu/,,*/d̪ˌekˈɛmbre/,,,*/d̪ˌeːspˈɛxt̪u/,,,,,,*/frˈɔn̪t̪e/,,,*/frˌiːxsjˈɔlu/,*/fˈɛbre/,,,*/fˈɔljɑ/,*/fˈɔn̪t̪e/,*/fˈɔrt̪jɑ/,,,,,,,,,,*/ˌɑmikjˈɔlu/,,,,,,,,,,,*/ku̯iˈɛt̪ˈɑːre/,*/kˈɛn̪t̪u/,,*/kˈɔxsu/,*/kˈɔrju/,,,,,,*/kˌeːmˈɛn̪t̪u/,,,*/kˌolˈɔbrɑ/,,,,,,,,*/kˌord̪ˈɔlju/,,,,,*/kˌoˌoːpˈɛrt̪u/,,,,*/kˌɑpit̪ˈɛllu/,*/kˌɑppˈɛllɑ/,,*/kˌɑpsjˈɔlɑ/,,,,,*/kˌɑs̪t̪ˈɛllu/,,*/lˈɛn̪t̪ju/,,,,,,,,*/lˌokˈɛllu/,,,,,,,,,,,,,,*/mˌɑt̪ˈɛrjɑ/,,,*/pˈɛt̪t̪jɑ/,,,,,*/pˈɛrd̪it̪ɑ/,*/pˈɛt̪rn̪ju/,,*/pˈɔd̪ju/,*/pˈɔst̪u/,,,,,,,,,,*/pˌolˈɛn̪t̪ɑ/,,,*/pˌulˈɛju/,,,,,,,,,*/skˈɔlɑ/,,*/sˈɛllɑ/,*/sˈɛmper/,*/sˈɔn̪n̪ju/,*/sˈɔn̪n̪u/,,,,,,*/sˌeku̯ˈɛn̪t̪e/,,,*/sˌupˈɛrbjɑ/,,,,*/t̪ˈɛpid̪u/,,,,,,,,,,*/u̯ˌɑrjˈɔlɑ/,,,,,,,*/ˈɛrmu/,,,*/ˈɔxlu/,,,,,,*/ˌɑːu̯ˈɛssu/,,,*/ˌimpˈɔst̪u/,,,,*/ˌin̪t̪ˈɛɣru/,,,,,*/ˌɑd̪u̯ˈɛssu/,*/ˌɑffrˈɔn̪t̪ɑ/,,,,,,,*/ˌɑlɑt̪ˈɛrn̪u/,*/ˌɑmɑrˈɛllu/,,,,,,,,,,*/ˌɑskjˈɔlɑ/,*/ˌɑs̪t̪ˈɛllɑ/,,,,,
R51,*/blˌɑn̪d̪ˈet̪jɑ/,*/brˈɑkkjo/,*/brˌɑkkjˈɔlo/,*/bˈokkɑ/,*/bˈɑekɑ/,*/bˌɑllˈes̪t̪ɑ/,*/bˈɑsjo/,*/bˈɑːsso/,,*/bˌorrˈɑen̪e/,,*/d̪ˈɛkemo/,*/d̪ˌeˈen̪t̪ro/,,*/d̪oˈoːs/,*/d̪ˌeːbet̪ˈoːre/,*/d̪ˌeːspˈɛxt̪o/,*/d̪ˌeːsˌɑŋɡen̪ˈɑːre/,*/d̪ˌext̪ˈɑːt̪o/,*/d̪ˌomˈiːn̪eko/,,*/frˈiːxt̪o/,,*/frˈuːxt̪o/,*/frˈɑsn̪o/,*/frˌiːxsjˈɔlo/,,*/fˈiːxt̪o/,*/fˈiːljo/,,,,*/fˈorn̪ɑkjo/,*/fˈɑkeeː/,,*/fˌɑxt̪ˈiːkjo/,,*/fˌɑmˈeːleko/,,*/fˌɑs̪t̪ˈiːd̪jo/,*/ˌospet̪ˈɑːle/,*/ˌɑmekjˈɔlo/,,*/krˈeːd̪e/,*/krˈuːd̪o/,,,*/ku̯ˈiːn̪d̪eke/,,*/ku̯ˈɑt̪t̪oor/,,,*/ku̯eˈɛt̪ˈɑːre/,*/kˈɛn̪t̪o/,*/kˈeljɑ/,*/kˈɔxso/,*/kˈɔrjo/,*/kˈobet̪o/,*/kˈon̪/,*/kˈosso/,*/kˈɑn̪t̪lo/,,*/kˌeːmˈɛn̪t̪o/,*/kˌen̪rˈɑːt̪ɑ/,,,,*/kˌompot̪ˈɑːre/,*/kˌompˈɑn̪eko/,*/kˌon̪d̪ˈoxt̪o/,,,*/kˌon̪t̪rˈɑxt̪o/,*/kˌord̪ˈɔljo/,*/kˌorrˈejɑ/,*/kˌorrˈopt̪jo/,*/kˌorˈɑmen̪e/,,*/kˌoˌoːpˈɛrt̪o/,*/kˌoːɡet̪ˈɑːre/,*/kˌɑn̪n̪ˈiːkjo/,*/kˌɑpellɑt̪ˈuːrɑ/,*/kˌɑpet̪ˈɛllo/,,*/kˌɑprˈɑːrjo/,,,*/kˌɑpˈet̪jɑ/,*/kˌɑrrekˈɑːre/,*/kˌɑsjˈɑːrjo/,*/kˌɑs̪t̪ˈɛllo/,*/kˌɑt̪eːn̪ˈɑːt̪o/,*/lˈɛn̪t̪jo/,*/lˈuːmen̪e/,,,,*/lˌeɡˈuːmen̪e/,,*/lˌiːt̪eɡˈɑːre/,*/lˌokˈɛllo/,*/lˌombrˈiːke/,,*/mˈorjɑ/,*/mˈot̪jo/,*/mˈɑjo/,,,*/mˈɑsklo/,,*/mˌes̪t̪ˈiːkjo/,*/mˌossekˈɑːre/,*/mˌɑjoːrˈiːn̪o/,,,*/mˌɑˈes̪t̪ro/,*/n̪ˈoːmen̪e/,,*/plˈɑːn̪t̪o/,*/plˌekˈɑːre/,*/prˌeˈeːso/,*/prˌiːmˈɑt̪eko/,*/pˈɛrd̪et̪ɑ/,*/pˈɛt̪rn̪jo/,*/pˈellɑ/,*/pˈɔd̪jo/,*/pˈɔst̪o/,*/pˈuːn̪t̪o/,*/pˈuːlekɑ/,,*/pˈɑu̯ko/,*/pˌed̪ˈuːko/,,,,,,*/pˌolsˈɑːre/,*/pˈolu̯o/,*/pˌolˈɛjo/,*/pˌɑreeːt̪ˈiːn̪ɑs/,*/rˈeed̪o/,*/rˈɑd̪jo/,*/rˈɑpɑn̪o/,*/rˌeket̪ˈɑːre/,*/rˌoˈiːt̪o/,*/rˌɑssekˈɑːre/,*/sˈeːmet̪ɑ/,,*/spˈoːso/,,,*/sˈɔn̪n̪jo/,*/sˈɔn̪n̪o/,*/sˈuːked̪o/,*/sˈɑleke/,*/sˈɑl̪t̪o/,*/sˈɑŋɡu̯en̪e/,,,*/sˌeˈello/,,*/sˌopˈɛrbjɑ/,,*/t̪rˈollɑ/,*/t̪rˌen̪et̪jˈɑːre/,*/t̪ˈɛped̪o/,,*/t̪ˈiːn̪t̪o/,*/t̪ˈorbed̪o/,,,,*/u̯ˈɑːɡen̪ɑ/,*/u̯ˈiːxt̪o/,*/u̯ˈol̪t̪re/,,,,*/ɡrˈɛːko/,*/ɡˈobjɑ/,*/ɡˌermˈɑːn̪o/,,*/ˈɛrmo/,*/ˈebro/,*/ˈepso/,*/ˈɔxlo/,*/ˈuːn̪t̪o/,,*/ˈɑmet̪eːs/,,,*/ˌɑːu̯ˈɛsso/,,*/ˌexsˈiːt̪o/,*/ˌempˈɔst̪o/,*/ˌen̪d̪ˈexlɑ/,*/ˌeŋkˈiːn̪t̪ɑ/,*/ˌenlˈɑku̯jɑ/,*/ˌen̪t̪ˈɛɣro/,*/ˌoːrd̪ˈen̪jo/,,,,*/ˌɑd̪u̯ˈɛsso/,,*/ˌɑffrˈɑxt̪o/,*/ˌɑkkˌobet̪ˈɑːre/,,,*/ˌɑleˈeːn̪o/,*/ˌɑl̪t̪ˈɑːrjo/,*/ˌɑlɑt̪ˈɛrn̪o/,*/ˌɑmɑrˈɛllo/,*/ˌɑmˈɑreko/,*/ˌɑn̪n̪ˈexlo/,*/ˌɑn̪ɑt̪ˈexlɑ/,*/ˌɑppˈɑːrjo/,*/ˌɑpˈexlɑ/,*/ˌɑrkˈɑːrjo/,*/ˌɑrmˈɑːrjo/,*/ˌɑrt̪ˈexlo/,*/ˌɑsn̪ˈɑːrjo/,,,*/ˌɑs̪t̪ˈorekɑ/,*/ˌɑu̯t̪ˈon̪n̪o/,*/ˌɑu̯ɡˈorjo/,*/ˌɑɣn̪ˈiːn̪o/,
R52,,,,,,,,*/bˈɑsso/,,,,,,,*/d̪oˈos/,*/d̪ˌebet̪ˈore/,*/d̪ˌespˈɛxt̪o/,*/d̪ˌesˌɑŋɡen̪ˈɑre/,*/d̪ˌext̪ˈɑt̪o/,*/d̪ˌomˈin̪eko/,,*/frˈixt̪o/,,*/frˈuxt̪o/,,*/frˌixsjˈɔlo/,,*/fˈixt̪o/,*/fˈiljo/,,,,,*/fˈɑkee/,,*/fˌɑxt̪ˈikjo/,*/fˌɑxt̪ˈurɑ/,*/fˌɑmˈeleko/,*/fˌɑrˈin̪ɑ/,*/fˌɑs̪t̪ˈid̪jo/,*/ˌospet̪ˈɑle/,,*/jˌɑkˈere/,*/krˈed̪e/,*/krˈud̪o/,*/krˌeskˈere/,*/krˌeˈɑre/,*/ku̯ˈin̪d̪eke/,*/ku̯ˈɑn̪d̪o/,,*/ku̯ˈɑle/,*/ku̯ˌerˈere/,*/ku̯eˈɛt̪ˈɑre/,,,,,,,,,,*/kˌemˈɛn̪t̪o/,*/kˌen̪rˈɑt̪ɑ/,*/kˌin̪t̪ˈurɑ/,,*/kˌomprˈɑre/,*/kˌompot̪ˈɑre/,,,*/kˌos̪t̪ˈɑre/,*/kˌost̪ˈurɑ/,,,,,,*/kˌorjˈɑkjɑ/,*/kˌoˌopˈɛrt̪o/,*/kˌoɡet̪ˈɑre/,*/kˌɑn̪n̪ˈikjo/,*/kˌɑpellɑt̪ˈurɑ/,,,*/kˌɑprˈɑrjo/,,*/kˌɑpt̪jˈɑre/,,*/kˌɑrrekˈɑre/,*/kˌɑsjˈɑrjo/,,*/kˌɑt̪en̪ˈɑt̪o/,,*/lˈumen̪e/,,,,*/lˌeɡˈumen̪e/,*/lˈeɡe/,*/lˌit̪eɡˈɑre/,,*/lˌombrˈike/,*/lˌɑku̯jˈɑre/,,,,,*/mˌɑsjon̪ˈɑt̪ɑ/,,*/mˌemrˈɑre/,*/mˌes̪t̪ˈikjo/,*/mˌossekˈɑre/,*/mˌɑjorˈin̪o/,*/mˌɑxlˈɑt̪ɑ/,,,*/n̪ˈomen̪e/,,*/plˈɑn̪t̪o/,*/plˌekˈɑre/,*/prˌeˈeso/,*/prˌimˈɑt̪eko/,,,,,,*/pˈun̪t̪o/,*/pˈulekɑ/,,,*/pˌed̪ˈuko/,*/pˌejˈore/,*/pˌext̪rˈɑle/,*/pˌellikˈɑre/,*/pˌellˈikjɑ/,,*/pˌolsˈɑre/,,,*/pˌɑreet̪ˈin̪ɑs/,,,,*/rˌeket̪ˈɑre/,*/rˌoˈit̪o/,*/rˌɑssekˈɑre/,*/sˈemet̪ɑ/,,*/spˈoso/,,,,,*/sˈuked̪o/,,,,,,,*/sˌolu̯ˈere/,,*/sˌɑˈin̪ɑ/,,*/t̪rˌen̪et̪jˈɑre/,,*/t̪ˈeɣlɑ/,*/t̪ˈin̪t̪o/,,,*/t̪ˌɑxsˈon̪e/,*/u̯ˌexsˈikɑ/,*/u̯ˈɑɡen̪ɑ/,*/u̯ˈixt̪o/,,,*/ˌɑd̪t̪rˈɑs/,,*/ɡrˈɛko/,,*/ɡˌermˈɑn̪o/,*/ɡˌɑllˈin̪ɑ/,,,,,*/ˈun̪t̪o/,,*/ˈɑmet̪es/,*/ˈɑŋksjɑ/,*/ˈɑrjɑ/,*/ˌɑu̯ˈɛsso/,*/ˈɑu̯rd̪jˈɑre/,*/ˌexsˈit̪o/,,,*/ˌeŋkˈin̪t̪ɑ/,,,*/ˌord̪ˈen̪jo/,*/ˌɑbbrˌɑkjˈɑre/,*/ˌɑbbˈɑt̪e/,*/ˌɑd̪u̯ˌokɑt̪ˈore/,,,,*/ˌɑkkˌobet̪ˈɑre/,*/ˌɑkkˌɑpt̪ˈɑre/,,*/ˌɑleˈen̪o/,*/ˌɑl̪t̪ˈɑrjo/,,,,,,*/ˌɑppˈɑrjo/,,*/ˌɑrkˈɑrjo/,*/ˌɑrmˈɑrjo/,,*/ˌɑsn̪ˈɑrjo/,,,,,,*/ˌɑɣn̪ˈin̪o/,*/ˌɑbˈɑke/
R53,,*/bɾˈɑkkjo/,*/bɾˌɑkkjˈɔlo/,,,,,,,*/bˌoɾɾˈɑen̪e/,*/bˌɑɾbˈɛllɑ/,,*/d̪ˌeˈen̪t̪ɾo/,*/d̪ˌekˈɛmbɾe/,,*/d̪ˌebet̪ˈoɾe/,,*/d̪ˌesˌɑŋɡen̪ˈɑɾe/,,,,*/fɾˈixt̪o/,*/fɾˈɔn̪t̪e/,*/fɾˈuxt̪o/,*/fɾˈɑsn̪o/,*/fɾˌixsjˈɔlo/,*/fˈɛbɾe/,,,,,*/fˈɔɾt̪jɑ/,*/fˈoɾn̪ɑkjo/,,,,*/fˌɑxt̪ˈuɾɑ/,,*/fˌɑɾˈin̪ɑ/,,,,*/jˌɑkˈeɾe/,*/kɾˈed̪e/,*/kɾˈud̪o/,*/kɾˌeskˈeɾe/,*/kɾˌeˈɑɾe/,,,*/ku̯ˈɑt̪t̪ooɾ/,,*/ku̯ˌeɾˈeɾe/,*/ku̯eˈɛt̪ˈɑɾe/,,,,*/kˈɔɾjo/,,,,,,,*/kˌen̪ɾˈɑt̪ɑ/,*/kˌin̪t̪ˈuɾɑ/,*/kˌolˈɔbɾɑ/,*/kˌompɾˈɑɾe/,*/kˌompot̪ˈɑɾe/,,,*/kˌos̪t̪ˈɑɾe/,*/kˌost̪ˈuɾɑ/,*/kˌon̪t̪ɾˈɑxt̪o/,*/kˌoɾd̪ˈɔljo/,*/kˌoɾɾˈejɑ/,*/kˌoɾɾˈopt̪jo/,*/kˌoɾˈɑmen̪e/,*/kˌoɾjˈɑkjɑ/,*/kˌoˌopˈɛɾt̪o/,*/kˌoɡet̪ˈɑɾe/,,*/kˌɑpellɑt̪ˈuɾɑ/,,,*/kˌɑpɾˈɑɾjo/,,*/kˌɑpt̪jˈɑɾe/,,*/kˌɑɾɾekˈɑɾe/,*/kˌɑsjˈɑɾjo/,,,,,,,,,,*/lˌit̪eɡˈɑɾe/,,*/lˌombɾˈike/,*/lˌɑku̯jˈɑɾe/,*/mˈoɾjɑ/,,,,,,*/mˌemɾˈɑɾe/,,*/mˌossekˈɑɾe/,*/mˌɑjoɾˈin̪o/,,*/mˌɑt̪ˈɛɾjɑ/,*/mˌɑˈes̪t̪ɾo/,,,,*/plˌekˈɑɾe/,*/pɾˌeˈeso/,*/pɾˌimˈɑt̪eko/,*/pˈɛɾd̪et̪ɑ/,*/pˈɛt̪ɾn̪jo/,,,,,,,,,*/pˌejˈoɾe/,*/pˌext̪ɾˈɑle/,*/pˌellikˈɑɾe/,,,*/pˌolsˈɑɾe/,,,*/pˌɑɾeet̪ˈin̪ɑs/,*/ɾˈeed̪o/,*/ɾˈɑd̪jo/,*/ɾˈɑpɑn̪o/,*/ɾˌeket̪ˈɑɾe/,*/ɾˌoˈit̪o/,*/ɾˌɑssekˈɑɾe/,,,,,*/sˈɛmpeɾ/,,,,,,,,,,*/sˌolu̯ˈeɾe/,*/sˌopˈɛɾbjɑ/,,*/t̪ɾˈollɑ/,*/t̪ɾˌen̪et̪jˈɑɾe/,,,,*/t̪ˈoɾbed̪o/,,,,,,*/u̯ˈol̪t̪ɾe/,*/u̯ˌɑɾjˈɔlɑ/,*/ˌɑd̪t̪ɾˈɑs/,,*/ɡɾˈɛko/,,*/ɡˌeɾmˈɑn̪o/,,*/ˈɛɾmo/,*/ˈebɾo/,,,,,,,*/ˈɑɾjɑ/,,*/ˈɑu̯ɾd̪jˈɑɾe/,,,,,,*/ˌen̪t̪ˈɛɣɾo/,*/ˌoɾd̪ˈen̪jo/,*/ˌɑbbɾˌɑkjˈɑɾe/,,*/ˌɑd̪u̯ˌokɑt̪ˈoɾe/,,*/ˌɑffɾˈɔn̪t̪ɑ/,*/ˌɑffɾˈɑxt̪o/,*/ˌɑkkˌobet̪ˈɑɾe/,*/ˌɑkkˌɑpt̪ˈɑɾe/,,,*/ˌɑl̪t̪ˈɑɾjo/,*/ˌɑlɑt̪ˈɛɾn̪o/,*/ˌɑmɑɾˈɛllo/,*/ˌɑmˈɑɾeko/,,,*/ˌɑppˈɑɾjo/,,*/ˌɑɾkˈɑɾjo/,*/ˌɑɾmˈɑɾjo/,*/ˌɑɾt̪ˈexlo/,*/ˌɑsn̪ˈɑɾjo/,,,*/ˌɑs̪t̪ˈoɾekɑ/,,*/ˌɑu̯ɡˈoɾjo/,,
R54,,,,,,,,,,*/bˌorˈɑen̪e/,,,,,,,,,,,,,,,,,,,,,,,,,,,,,,,,,,,,,,,,,,,,,,,,,,,,,,,,,,,,,,,,,*/kˌorˈejɑ/,*/kˌorˈopt̪jo/,,,,,,,,,,,,,*/kˌɑrekˈɑɾe/,,,,,,,,,,,,,,,,,,,,,,,,,,,,,,,,,,,,,,,,,,,,,,,,,,,,,,,,,,,,,,,,,,,,,,,,,,,,,,,,,,,,,,,,,,,,,,,,,,,,,,,,,,,,,,,,,,,,,,,,,,,,,,,,,,,,,,,,,,,,,
R55,,,,,,,,,,,,,,,,,,,,,,,,,,,,,,,,,,,,,,,,,,,,,,,*/kɾˌejˈɑɾe/,,,,,,,,,,,,,,,,,,,,,,,,,,,,,,,,,,,,,,,,,,,,,,,,,,,,,,,,,,,,,,,,,,,,,,,,,,,,,,,,,,,,,,,,,,,,,,,,,,,,,,,,,,,,,,,,,,,,,,,,,,,,,,,,,,,,,,,,,,,,,,,,,,,,,,,,,,,,,,,,,,,,,,,,,,,,,,,,,,,,,,,
R56,,,,,,,,,,,,,,,,,,,,,,,,,,,,,,,,,,,,,,,,,,,,,,,,,,,,,,,,,,,,,,,,,,,,,,,,,,,,,,,,,,,,,,,,,,,,,,,,,,,,,,,,,,,,,,,,,,,,,,,,,,,,,,,,,,,,,,,,,,,,,,,,,,,,,,,,,,,,,,,,,,,,,,,,,,,,,,,,,,,,,,,,,,,,,,,,,,,,,,,,,,,,,,,,,,,,,,,,,,,,,,,,,,,,,,
R57,,,,,,,,,,,,,,,,,,,,,,,,,,,,,,,,,,,,,,,,,,,,,,,,,,,,,,,,,,,,,,,,,,,,,,,,,,,,,,,,,,,,,,,,,,,,,,,,,,,,,,,,,,,,,,,,,,,,,,,,,,,,,,,,,,,,,,,,,,,,*/pˌolˈejo/,,,,,,,,,,,,,,,,,,,,,,,,,,,,,,,,,,,,,,,,,,,,,,,,,,,,,,,,,,,,,,,,,,,,,,,,,,,,,,,,,,,,,,,,,,
R58,,,,,,,,,,,,,,,,,,,,,,,,,,,,,,,,,,,,,,,,,,,,,,,,,,,,,,,,,,,,,,,,,,,,,,,,,,,,,,,,,,,,,,,,,,,,,,,,,,,,,,,,,,,,,,,,,,,,,,,,,,,,,,,,,,,,,,,,,,,,,,,,,,,,,,,,,,,,,,,,,,,,,,,,,,,,,,,,,,,,,,,,,,,,,,,,,,,,,,,,,,,,,,,,,,,,,,,,,,,,,,,,,,,,,,
R59,,,,,,,,,,,,,,,,,,,,,,,,,,,,,,,,,,,,,,,,,,,,,,,,,,,,,,,,,,,,,,,,,,,,,,,,,,,,,,,,,,,,,,,,,,,,,,,,,,,,,,,,,,,,,,,,,,,,,,,,,,,,,,,,,,,,,,,,,,,,,,,,,,,,,,,,,,,,,,,,,,,,,,,,,,,,,,,,,,,,,,,,,,,,,,,,,,,,,,,,,,,,,,,,,,,,,,,,,,,,,,,,,,,,,,
R60,,,,,,,,,,,,,,,,,,,,,,,,,,,,,,,,,,,,,,,,,,,,,,,*/kɾˌijˈɑɾe/,,,,,,,,,,,,,,,,,,,,,,,,,,,,,,,,,,,,,,,,,,,,,,,,,,,,,,,,,,,,,,,,,,,,,,,,,,,,,,,,,,,,,,*/pˌijˈoɾe/,,,,,,,,,,,,,,,,,,,,,,,,,,,,,,,,,,,,,,,,,,,,,,,,,,,,,,,,,,,,,,,,,,,,,,,,,,,,,,,,,,,,,,,,,,,,,,,,,
R61,,,,,,,,,,,,,,,,,,,,,,,,,,,,,,,,,,,,,,,,,,,,,,,,,,,,,,,,,,,,,,,,,,,,,,,,,,,*/kˌorˈijɑ/,,,,,,,,,,,,,,,,,,,,,,,,,,,,,,,,,,,,,,,,,,,,,,,,,,,,,,,,,,,,,,,,,*/pˌolˈijo/,,,,,,,,,,,,,,,,,,,,,,,,,,,,,,,,,,,,,,,,,,,,,,,,,,,,,,,,,,,,,,,,,,,,,,,,,,,,,,,,,,,,,,,,,,
R62,,,,,,,,,,,,,,,,,,,,,,,,,,,,,,,,,,,,,,,,,,,,,,,,,,,,,,,,,,,,,,,,,,,,,,,,,,,,,,,,,,,,,,,,,,,,,,,,,,,,,,,,,,,,,,,,,,*/mˌɑjlˈɑt̪ɑ/,,,,,,,,,,,,,,,,,,,,,,,,,,,,,,,,,,,,,,,,,,,,,,,,,,,,,,*/t̪ˈejlɑ/,,,,,,,,,,,,,,,,,,,*/ˈɔjlo/,,,,,,,,,,*/ˌen̪d̪ˈejlɑ/,,,*/ˌen̪t̪ˈɛjɾo/,,,,,,,,,,,,,,,,*/ˌɑn̪n̪ˈejlo/,*/ˌɑn̪ɑt̪ˈejlɑ/,,*/ˌɑpˈejlɑ/,,,*/ˌɑɾt̪ˈejlo/,,,,,,,*/ˌɑjn̪ˈin̪o/,
R63,,,,,,,,,,,,,,,,,,,,,,,,,,,,,,,,,,,,,,,,,,,,,,,,,,,,,,,,,,,,,,,,,,,,,,,,,,,,,,,,,,,,,,,,,,,,,,,,,,,,,,,,,,,,,,,,,,,,,,,,,,,,,,,,,,,,,,,,,,,,,,,,,,,,,,,,,,,,,,,,,,,,,,,,,,,,,,,,,,,,,,,,,,,,,,,,,,,,,,,,,,,,,,,,,,,,,,,,,,,,,,,,,,,,,*/ˌɑjɲˈin̪o/,
R64,,,,,,,,,*/bˌelˈɛɲjo/,,,,,,,,,,,,,,,,,,,,,,,,,,,,,,,,,,,,,,,,,,,,,,,,,,,,,,,,,,,,,,,,,,,,,,,,,,,,,,,,,,,,,,,,,,,,,,,,,,,,,,,,,,,,,,,,,,,*/pˈɛt̪ɾɲjo/,,,,,,,,,,,,,,,,,,,,,,,,,,,,,*/sˈɔn̪ɲjo/,,,,,,,,,,,,,,,,,,,,,,,,,,,,,,,,,,,,,,,,,,,,,,,,*/ˌoɾd̪ˈeɲjo/,,,,,,,,,,,,,,,,,,,,,,,,,,,,,
R65,,,,,,,,,,,,,,,,,,,,,,,,,,,,,,,,,,,,,,,,,,,,,,,,,,,,,,,,,,,,,,,,,,,,,,,,,,,,,,,,,,,,,,,,,,,,,,,,,,,,,,,,,,,,,,,,,,*/mˌɑjʎˈɑt̪ɑ/,,,,,,,,,,,,,,,,,,,,,,,,,,,,,,,,,,,,,,,,,,,,,,,,,,,,,,*/t̪ˈejʎɑ/,,,,,,,,,,,,,,,,,,,*/ˈɔjʎo/,,,,,,,,,,*/ˌen̪d̪ˈejʎɑ/,,,,,,,,,,,,,,,,,,,*/ˌɑn̪n̪ˈejʎo/,*/ˌɑn̪ɑt̪ˈejʎɑ/,,*/ˌɑpˈejʎɑ/,,,*/ˌɑɾt̪ˈejʎo/,,,,,,,,
R66,,,,,,,,,,,,,,,,,,,,,,,,,,,,,*/fˈiʎjo/,*/fˈɔʎjɑ/,,,,,,,,,,,,,,,,,,,,,,,,,*/kˈeʎjɑ/,,,,,,,,,,,,,,,,,,,*/kˌoɾd̪ˈɔʎjo/,,,,,,,,,,,,,,,,,,,,,,,,,,,,,,,,,,,,,,,,,,,,,,,,,,,,,,,,,,,,,,,,,,,,,,,,,,,,,,,,,,,,,,,,,,,,,,,,,,,,,,,,,,,,,,,,,,,,,,,,,,,,,,,,,,,,,,,,,,,,,,,,,,,,,,,,,,,,
R67,,,,,,,,,,,,,*/d̪ˈen̪t̪ɾo/,,*/d̪ˈos/,,,,,,,,,,,,,,,,,,,*/fˈɑke/,,,,,,,,,,,,,,,,*/ku̯ˈɑt̪t̪oɾ/,,,*/ku̯ˈɛt̪ˈɑɾe/,,,,,,,,,,,,,,,,,,,,,,,,,,*/kˌopˈɛɾt̪o/,,,,,,,,,,,,,,,,,,,,,,,,,,,,,,,,,,,,,,,,,,*/pɾˈeso/,,,,,,,,,,,,,,,,,,,,*/pˌɑɾet̪ˈin̪ɑs/,,,,,,,,,,,,,,,,,,,,*/sˈello/,,,,,,,,,,,,,,,,,,,,,,,,,,,,,,,,,,,,,,,,,,,,,,,,,,*/ˌɑlˈen̪o/,,,,,,,,,,,,,,,,,,,
R68,,,,,,,,,,,,,,,,,,,,,,,,,,,,,,,,,,,,,,,,,,,,,,,,,,,,,,,,,,,,,,,,,,,,,,,,,,,,*/kˌorˈot̪t̪jo/,,,,,,,,,,*/kˌɑssjˈɔlɑ/,*/kˌɑt̪t̪jˈɑɾe/,,,,,,,,,,,,,,,,,,,,,,,,,,,,,,,,,,,,,,,,,,,,,,,,,,,,,,,,,,,,,,,,,,,,,,,,,,,,,,,,,,,,,,,,,,,*/ˌɑt̪t̪ɾˈɑs/,,,,,,,,*/ˈesso/,,,,,*/ˈɑŋssjɑ/,,,,,,,,,,,,,,,,,,*/ˌɑkkˌɑt̪t̪ˈɑɾe/,,,,,,,,,,,,,,,,,,,,,
R69,,,,,,,,,,,,,,,,,,,,,,,,,,,,,,,,,,,,,,,,,,,,,,,,,,,,,,,,,,,,,,,,,,,,,,,,,,,,,,,,,,,,,,,,,,,,,,,,,,,,,,,,,,,,,,,,,,,,,,,,,,,,,,,,,,,,,,,,,,,,,,,,,,,,,,,,,*/sˈɔɲɲjo/,,,,,,,,,,,,,,,,,,,,,,,,,,,,,,,,,,,,,,,,,,,,,,,,,,,,,,,,,,,,,,,,,,,,,,,,,,,,,
R70,,,,,,,,,,,,,,,,,,,,,,,,,,,,,,,,,,,,,,,,,,,,,,,,,,,,,,,,,,,,,,,,,,,,,,,,,,,,,,,,,,,,,,,,,,,,,,,,,,,,,,,,,,,,,,,,,,,,,,,,,,,,,,,,,,,,,,,,,,,,,,,,,,,,,,,,,,,,,,,,,,,,,,,,,,,,,,,,,,,,,,,,,,,,,,,,,,,,,,,,,,,,,,,,,,,,,,,,,,,,,,,,,,,,,,
R71,,,,,,,,,,,,,,,,,,,,,,,,,,,,,,,,,,,,,,,,,,,,,,,,,,,,,,,,,,,,,,,,,,,,,,,,,,,,,,,,,,,,,,,,,,,,,,,,,,,,,,,,,,,,,,,,,,,,,,,,,,,,,,,,,,,,,,,,,,,,,,,,,,,,,,,,,,,,,,,,,,,,,,,,,,,,,,,,,,,,,,,,,,,,,,,,,,,,,,,,,,,,,,,,,,,,,,,,,,,,,,,,,,,,,,
R72,,,,,,,,,,,,*/d̪ˈɛkjemo/,,*/d̪ˌekjˈɛmbɾe/,,,,*/d̪ˌesˌɑŋɡjen̪ˈɑɾe/,,,,,,,,,,,,,,,,*/fˈɑkje/,*/fˈɑlkje/,,,,,,,,*/jˌɑkjˈeɾe/,,,*/kɾˌeskjˈeɾe/,,*/ku̯ˈin̪d̪ekje/,,,,,,*/kjˈɛn̪t̪o/,*/kjˈeʎjɑ/,,,,,,,,*/kjˌemˈɛn̪t̪o/,*/kjˌen̪ɾˈɑt̪ɑ/,*/kjˌin̪t̪ˈuɾɑ/,,,,,,,,,,,,,,,*/kˌoɡjet̪ˈɑɾe/,,,,,,,,,,,,,,,,,,,*/lˈeɡje/,,*/lˌokjˈɛllo/,*/lˌombɾˈikje/,,,,,,,,,,,,,,,,,,,,,,,,,,,,,,,,,,,,,,,,,,,*/ɾˌekjet̪ˈɑɾe/,,,,,,,,,,*/sˈukjed̪o/,*/sˈɑlekje/,,,,,,,,,,,,,,,,,,*/u̯ˈɑɡjen̪ɑ/,,,,,,,,*/ɡjˌeɾmˈɑn̪o/,,,,,,,,,,,,,,,,*/ˌeŋkjˈin̪t̪ɑ/,,,,,,,,,,,,,,,,,,,,,,,,,,,,,,,,*/ˌɑbˈɑkje/
R73,*/blˌɑn̪d̪ˈet͡ʃjɑ/,*/bɾˈɑkt͡ʃjo/,*/bɾˌɑkt͡ʃjˈɔlo/,,,,,,,,,*/d̪ˈɛt͡ʃjemo/,,*/d̪ˌet͡ʃjˈɛmbɾe/,,,,*/d̪ˌesˌɑŋd͡ʒjen̪ˈɑɾe/,,,,,,,,,,,,,,*/fˈɔɾt͡ʃjɑ/,*/fˈoɾn̪ɑt͡ʃjo/,*/fˈɑt͡ʃje/,*/fˈɑlt͡ʃje/,*/fˌɑxt̪ˈit͡ʃjo/,,,,*/fˌɑs̪t̪ˈid͡ʒjo/,,*/ˌɑmet͡ʃjˈɔlo/,*/jˌɑt͡ʃjˈeɾe/,,,*/kɾˌest͡ʃjˈeɾe/,,*/ku̯ˈin̪d̪et͡ʃje/,,,,,,*/t͡ʃjˈɛn̪t̪o/,*/t͡ʃjˈeʎjɑ/,,,,,,,,*/t͡ʃjˌemˈɛn̪t̪o/,*/t͡ʃjˌen̪ɾˈɑt̪ɑ/,*/t͡ʃjˌin̪t̪ˈuɾɑ/,,,,,,,,,,,*/kˌorˈot̪t͡ʃjo/,,*/kˌoɾjˈɑt͡ʃjɑ/,,*/kˌod͡ʒjet̪ˈɑɾe/,*/kˌɑn̪n̪ˈit͡ʃjo/,,,,,,*/kˌɑt̪t͡ʃjˈɑɾe/,*/kˌɑpˈet͡ʃjɑ/,,,,,*/lˈɛn̪t͡ʃjo/,,,*/lˈɑŋt͡ʃjɑ/,*/lˈɑu̯t͡ʃjɑ/,,*/lˈed͡ʒje/,,*/lˌot͡ʃjˈɛllo/,*/lˌombɾˈit͡ʃje/,,,*/mˈot͡ʃjo/,,,,,,*/mˌes̪t̪ˈit͡ʃjo/,,,,,,,*/pˈɛt̪t͡ʃjɑ/,,,,,,,,*/pˈɔd͡ʒjo/,,,,,,,,,,*/pˌellˈit͡ʃjɑ/,,,,,,,*/ɾˈɑd͡ʒjo/,,*/ɾˌet͡ʃjet̪ˈɑɾe/,,,,,,,,,,*/sˈut͡ʃjed̪o/,*/sˈɑlet͡ʃje/,,,,,,,,,,*/t̪ɾˌen̪et͡ʃjˈɑɾe/,,,,,,,,*/u̯ˈɑd͡ʒjen̪ɑ/,,,,,,,,*/d͡ʒjˌeɾmˈɑn̪o/,,,,,,,,,,,,*/ˈɑu̯ɾd͡ʒjˈɑɾe/,,,,*/ˌeŋt͡ʃjˈin̪t̪ɑ/,,,,*/ˌɑbbɾˌɑt͡ʃjˈɑɾe/,,,,,,,,*/ˌɑku̯ˈɑt͡ʃjɑ/,,,,,,,,,,,,,,*/ˌɑst͡ʃjˈɔlɑ/,,,,,,*/ˌɑbˈɑt͡ʃje/
R74,,,,,,,,,,,,,,,,,,,,,,,,,,,,,,,,,,,,,,,,,,,,,,,,,,,,,,,,,,,,,,,,,,,,,,,,,,,,,,,,,,,,,,,,,,,,,,,,,,,,,,,,,,,,,,,,,,,,,,,,,,,,,,,,,,,,,,,,,,,,,,,,,,,,,,,,,,,,,,,,,,,,,,,,,,,,,,,,,,,,,,,,,,,,,,,,,,,,,,,,,,,,,,,,,,,,,,,,,,,,,,,,,,,,,,
R75,,,,,,,,,,,,,,,,,,,,,,,,,,,,,,,,,,,,,,,,,,,,,,,,,,,,,,,,,,,,,,,,,,,,,,,,,,,,,,,,,,,,,,,,,,,,,,,,,,,,,,,,,,,,,,,,,,,,,,,,,,,,,,,,,,,,,,,,,,,,,,,,,,,,,,,,,,,,,,,,,,,,,,,,,,,,,,,,,,,,,,,,,,,,,,,,,,,,,,,,,,,,,,,,,,,,,,,,,,,,,,,,,,,,,,
R76,,,,,,,,,,,,,,,,,,,,,,,,,,,,,,,,,,,,,,,,,,,,,,,,,,,,,,,,,,,,,,,,,,,,,,,,,,,,,,,,,,,,,,,,,,,,,,,,,,,,,,,,,,,,,,,,,,,,,,,,,,,,,,,,,,,,,,,,,,,,,,,,,,,,,,,,,,,,,,,,,,,,,,,,,,,,,,,,,,,,,,,,,,,,,,,,,,,,,,,,,,,,,,,,,,,,,,,,,,,,,,,,,,,,,,
R77,*/blˌɑn̪d̪ˈet͡ʃɑ/,*/bɾˈɑkt͡ʃo/,*/bɾˌɑkt͡ʃˈɔlo/,,,,,,*/bˌelˈɛɲo/,,,*/d̪ˈɛt͡ʃemo/,,*/d̪ˌet͡ʃˈɛmbɾe/,,,,*/d̪ˌesˌɑŋd͡ʒen̪ˈɑɾe/,,,,,,,,,,,*/fˈiʎo/,*/fˈɔʎɑ/,,*/fˈɔɾt͡ʃɑ/,*/fˈoɾn̪ɑt͡ʃo/,*/fˈɑt͡ʃe/,*/fˈɑlt͡ʃe/,*/fˌɑxt̪ˈit͡ʃo/,,,,*/fˌɑs̪t̪ˈid͡ʒo/,,*/ˌɑmet͡ʃˈɔlo/,*/jˌɑt͡ʃˈeɾe/,,,*/kɾˌest͡ʃˈeɾe/,,*/ku̯ˈin̪d̪et͡ʃe/,,,,,,*/t͡ʃˈɛn̪t̪o/,*/t͡ʃˈeʎɑ/,,,,,,,,*/t͡ʃˌemˈɛn̪t̪o/,*/t͡ʃˌen̪ɾˈɑt̪ɑ/,*/t͡ʃˌin̪t̪ˈuɾɑ/,,,,,,,,,*/kˌoɾd̪ˈɔʎo/,,*/kˌorˈot̪t͡ʃo/,,*/kˌoɾjˈɑt͡ʃɑ/,,*/kˌod͡ʒet̪ˈɑɾe/,*/kˌɑn̪n̪ˈit͡ʃo/,,,,,,*/kˌɑt̪t͡ʃˈɑɾe/,*/kˌɑpˈet͡ʃɑ/,,,,,*/lˈɛn̪t͡ʃo/,,,*/lˈɑŋt͡ʃɑ/,*/lˈɑu̯t͡ʃɑ/,,*/lˈed͡ʒe/,,*/lˌot͡ʃˈɛllo/,*/lˌombɾˈit͡ʃe/,,,*/mˈot͡ʃo/,,,,,,*/mˌes̪t̪ˈit͡ʃo/,,,,,,,*/pˈɛt̪t͡ʃɑ/,,,,,,*/pˈɛt̪ɾɲo/,,*/pˈɔd͡ʒo/,,,,,,,,,,*/pˌellˈit͡ʃɑ/,,,,,,,*/ɾˈɑd͡ʒo/,,*/ɾˌet͡ʃet̪ˈɑɾe/,,,,,,,,*/sˈɔɲɲo/,,*/sˈut͡ʃed̪o/,*/sˈɑlet͡ʃe/,,,,,,,,,,*/t̪ɾˌen̪et͡ʃˈɑɾe/,,,,,,,,*/u̯ˈɑd͡ʒen̪ɑ/,,,,,,,,*/d͡ʒˌeɾmˈɑn̪o/,,,,,,,,,,,,*/ˈɑu̯ɾd͡ʒˈɑɾe/,,,,*/ˌeŋt͡ʃˈin̪t̪ɑ/,,,*/ˌoɾd̪ˈeɲo/,*/ˌɑbbɾˌɑt͡ʃˈɑɾe/,,,,,,,,*/ˌɑku̯ˈɑt͡ʃɑ/,,,,,,,,,,,,,,*/ˌɑst͡ʃˈɔlɑ/,,,,,,*/ˌɑbˈɑt͡ʃe/
R78,,,,,,,,,,,,,,,,,,,,,,,,,,,,,,,,,,,,,,,,,,,,,,,*/kɾˌiˈɑɾe/,,,,,,,,,,,,,,,,,,,,,,,,,,,,*/kˌorˈiɑ/,,,,,,,,,,,,,,,,,,,,,,,,,,,,,,,,,,,,,,,,,,,,,,,,,,,,,,,,,,*/pˌiˈoɾe/,,,,,,,*/pˌolˈio/,,,,,,,,,,,,,,,,,,,,,,,,,,,,,,,,,,,,,,,,,,,,,,,,,,,,,,,,,,,,,,,,,,,,,,,,,,,,,,,,,,,,,,,,,,
R79,,,,,,,,,,,,,,,,,,,,,,,,,,,,,,,,,,,,,,,,,,,,,,,,,,,,,,,,,,,,,,,,,,,,,,,,,,,,,,,,,,,,,,,,,,,,,,,,,,,,,,,,,,,,,,,,,,*/mˌɑʎˈɑt̪ɑ/,,,,,,,,,,,,,,,,,,,,,,,,,,,,,,,,,,,,,,,,,,,,,,,,,,,,,,*/t̪ˈeʎɑ/,,,,,,,,,,,,,,,,,,,*/ˈɔʎo/,,,,,,,,,,*/ˌen̪d̪ˈeʎɑ/,,,,,,,,,,,,,,,,,,,*/ˌɑn̪n̪ˈeʎo/,*/ˌɑn̪ɑt̪ˈeʎɑ/,,*/ˌɑpˈeʎɑ/,,,*/ˌɑɾt̪ˈeʎo/,,,,,,,*/ˌɑɲˈin̪o/,
R80,,,,,,,,,,,,,,,,,,,,,,,,,,,,,,,,,,,,,,,,,,,,,,,,,,,,,,,,,,,,,,,,,,,,,,,,,,,,,,,,,,,,,,,,,,,,,,,,,,,,,,,,,,,,,,,,,,,,,,,,,,,,,,,,,,,,,,,,,,,,,,,,,,,,,,,,,,,,,,,,,,,,,,,,,,,,,,,,,,,,,,,,,,,,,,,,,,,,,,,,,,,,,,,,,,,,,,,,,,,,,,,,,,,,,,
R81,,,,,,,,,,,,,,,,,,,,,,,,,,,,,,,,,,,,,,,,,,,,,,,,,,,,,,,,,,,,,,,,,,,,,,,,,,,,,,,,,,,,,,,,,,,,,,,,,,,,,,,,,,,,,,,,,,,,,,,,,,,,,,,,,,,,,,,,,,,,,,,,,,,,,,,,,,,,,,,,,,,,,,,,,,,,,,,,,,,,,,,,,,,,,,,,,,,,,,,,,,,,,,,,,,,,,,,,,,,,,,,,,,,,,,
R82,,,,,,,,,,,,,,,,,,,,,,,,,,,,,,,,,,,,,,,,,,,,,,,,,,,,,,,,,,,,,,,,,,,,,,,,,,,,,,,,,,,,,,,,,,,,,,,,,,,,,,,,,,,,,,,,,,,,,,,,,,,,,,,,,,,,,,,,,,,,,,,,,,,,,,,,,,,,,,,,,,,,,,,,,,,,,,,,,,,,,,,,,,,,,,,,,,,,,,,,,,,,,,,,,,,,,,,,,,,,,,,,,,,,,,
R83,,,,,,,,,,,,,,,,,,,,,,,,,,,,,,,,,,,,,,,,,,,,,,,,,,,,,,,,,,,,,,,,,,,,,,,,,,,,,,,,,,,,,,,,,,,,,,,,,,,,,,,,,,,,,,,,,,,,,,,,,,,,,,,,,,,,,,,,,,,,,,,,,,,,,,,,,,,,,,,,,,,,,,,,,,,,,,,,,,,*/lˈɑn̪d̪e/,,,,,,,,,,,,,,,,,,,,,,,,,,,,,,,,,,,,,,,,,,,,,,,,,,,
R84,,,,,,,,,,,,,,,,,,,,,,,,,,,,,,,,,,,,,,,,,,,,,,,,,,,,,,,,,,,,,,,,,,,,,,,,,,,,,,,,,,,,,,,,,,,,,,,,,,,,,,,,,,,,,,,,,,,,,,,,,,,,,,,,,,,,,,,,,,,,,,,,,,,,,,,,,,,,,,,,,,,,,,,,,,,,,,,,,,,,,,,,,,,,,,,,,,,,,,,,,,,,,,,,,,,,,,,,,,,,,,,,,,,,,,
R85,,,,,,,,,,,,,,,,,,,,,,,,,,,,,,,,,,,,,,,,,,,,,,,,,,,,,,,,,,,,,,,,,,,,,,,,,,,,,,,,,,,,,,,,,,,,,,,,,,,,,,,,,,,,,,,,,,,,,,,,,,,,,,,,,,,,,,,,,,,,,,,,,,,,,,,,,,,,,,,,,,,,,,,,,,,,,,,,,,,,,,,,,,,,,,,,,,,,,,,,,,,,,,,,,,,,,,,,,,,,,,,,,,,,,,
R86,,,,,,,,,,,,,,,,,,,,,,,,,,,,,,,,,,,,,,,,,,,,,,,,,,,,,,,,,,,,,,,,,,,,,,,,,,,,,,,,,,,,,,,,,,,,,,,,,,,,,,,,,,,,,,,,,,,,,,,,,,,,,,,,,,,,,,,,,,,,,,,,,,,,,,,,,,,,,,,,,,,,,,,,,,,,,,,,,,,,,,,,,,,,,,,,,,,,,,,,,,,,,,,,,,,,,,,,,,,,,,,,,,,,,,
R87,,,,,,,,,,,,,,,,,,,,,,,,,,,,,,,,,,,,,,,,,,,,,,,,,,,,,,,,,,,,,,,,,,,,,,,,,,,,,,,,,,,,,,,,,,,,,,,,,,,,,,,,,,,,,,,,,,,,,,,,,,,,,,,,,,,,,,,,,,,,,,,,,,,,,,,,,,,,,,,,,,,,,,,,,,,,,,,,,,,,,,,,,,,,,,,,,,,,,,,,,,,,,,,,,,,,,,,,,,,,,,,,,,,,,,
R88,,,,,,,,,,,,,,,,,,,,,,,,,,,,,,,,,,,,,,,,,,,,,,,,,,,,,,,,,,,,,,,,,,,,,,,,,,,,,,,,,,,,,,,,,,,,,,,,,,,,,,,,,,,,,,,,,,,,,,,,,,,,,,,,,,,,,,,,,,,,,,,,,,,,,,,,,,,,,,,,,,,,,,,,,,,,,,,,,,,,,,,,,,,,,,,,,,,,,,,,,,,,,,,,,,,,,,,,,,,,,,,,,,,,,,
R89,,,,,,,,,,,,,,,,,,,,,,,,,,,,,,,,,,,,,,,,,,,,,,,,,,,,,,,,,,,,,,,,,,,,,,,,,,,,,,,,,,,,,,,,,,,,,,,,,,,,,,,,,,,,,,,,,,,,,,,,,,,,,,,,,,,,,,,,,,,,,,,,,,,,,,,,,,,,,,,,,,,,,,,,,,,,,,,,,,,,,,,,,,,,,,,,,,,,,,,,,,,,,,,,,,,,,,,,,,,,,,,,,,,,,,
R90,,,,,,,,,,,,,,,,,,,,,,,,,,,,,,,,,,,,,,,,,,,,,,,,,,,,,,,,,,,,,,,,,,,,,,,,,,,,,,,,,,,,,,,,,,,,,,,,,,,,,,,,,,,,,,,,,,,,,,,,,,,,,,,,,,,,,,,,,,,,,,,,,,,,,,,,,,,,,,,,,,,,,,,,,,,,,,,,,,,,,,,,,,,,,,,,,,,,,,,,,,,,,,,,,,,,,,,,,,,,,,,,,,,,,,
R91,,,,,,,,,,,,,,,,,,,,,,,,,,,,,,,,,,,,,,,,,,,,,,,,,,,,,,,,,,,,,,,,,,,,,,,,,,,,,,,,,,,,,,,,,,,,,,,,,,,,,,,,,,,,,,,,,,,,,,,,,,,,,,,,,,,,,,,,,,,,,,,,,,,,,,,,,,,,,,,,,,,,,,,,,,,,,,,,,,,,,,,,,,,,,,,,,,,,,,,,,,,,,,,,,,,,,,,,,,,,,,,,,,,,,,
R92,,,,,,,*/bˈɑe̯sjo/,,,,,,,,,,,,,,,,,,,,,,,,,,,,,,,,,,,,,,,,,,,,,,,,,,,,,,,,,,,,,,,,,,,,,,,,,,,,,,,,,,,*/kˌɑe̯sjˈɑɾjo/,,,,,,,,,,,,,,,,,,*/mˌɑe̯sjon̪ˈɑt̪ɑ/,,,,,,,,,,,,,,,,,,,,,,,,,,,,,,,,,,,,,,,,,,,,,,,,,,,*/sˈɑe̯pjɑ/,,,,,,,,,,,,,,,,,,,,,,,,,,,,,,,,,,,,,,,,,,,,,,,,,,,,,,,,,,,,,,,,,,,,,,,
R93,,,,,,,,,,,,,,,,,,,,,,,,,,,,,,,,,,,,,,,,,,,,,,,,,,,,,,,,,,,,,,,,,,,,,,,,,,,,,,,,,,,,,,,,,,,,,,,,,,,,,,,,,,,,,,,,,,,,,,,,,,,,,,,,,,,,,,,,,,,,,,,,,,,,,,,,,,,,,,,,,,,,,,,,,,,,,,,,,,,,,,,,,,,,,,,,,,,,,,,,,,,,,,,,,,,,,,,,,,,,,,,,,,,,,,
R94,,,,,,,,,,,,,,,,,,,,,,,,,,,,,,,,,,,,,,,,,,,,,,,,,,,,,,,,,,,,,,,,,,,,,,,,,,,,,,,,,,,,,,,,,,,,,,,,,,,,,,,,,,,,,,,,,,,,,,,,,,,,,,,,,,,,,,,,,,,,,,,,,,,,,,,,,,,,,,,,,,,,,,,,,,,,,,,,,,,,,,,,,,,,,,,,,,,,,,,,,,,,,,,,,,,,,,,,,,,,,,,,,,,,,,
R95,,,,,,,,,,,,,,,,,,,,,,,,,,,,,,,,,,,,,,,,,,,,,,,,,,,,,,,,,,,,,,,,,,,,,,,,,,,,,,,,,,,,,,,,,,,,,,,,,,,,,,,,,,,,,,,,,,,,,,,,,,,,,,,,,,,,,,,,,,,,,,,,,,,,,,,,,,,,,,,,,,,,,,,,,,,,,,,,,,,,,,,,,,,,,,,,,,,,,,,,,,,,,,,,,,,,,,,,,,,,,,,,,,,,,,
R96,,,,,,,,,,,,,,,,,,,,,,,,,,,,,,,,,,,,,,,,,,,,,,,,,,,,,,,,,*/kˈɔe̯ɾjo/,,,,,,,,,,,,,,,,,,,,,*/kˌoe̯ɾjˈɑt͡ʃɑ/,,,,,,,*/kˌɑpɾˈɑe̯ɾjo/,,,,,*/kˌɑe̯sjˈɑe̯ɾjo/,,,,,,,,,,,,,,*/mˈoe̯ɾjɑ/,,,,,,,,,,,*/mˌɑt̪ˈɛe̯ɾjɑ/,,,,,,,,,,,,,,,,,,,,,,,,,,,,,,,,,,,,,,,,,,,,,,,,,,,,,,,,,,,,,,*/u̯ˌɑe̯ɾjˈɔlɑ/,,,,,,,,,,,,,,,*/ˈɑe̯ɾjɑ/,,,,,,,,,,,,,,,,,,,,*/ˌɑl̪t̪ˈɑe̯ɾjo/,,,,,,*/ˌɑppˈɑe̯ɾjo/,,*/ˌɑɾkˈɑe̯ɾjo/,*/ˌɑɾmˈɑe̯ɾjo/,,*/ˌɑsn̪ˈɑe̯ɾjo/,,,,,*/ˌɑu̯ɡˈoe̯ɾjo/,,
R97,,,,,,,,,,,,,,,,,,,,,,,,,,,,,,,,,,,,,,,,,,,,,,,,,,,,,,,,,,,,,,,,,,,,,,,,,,,,,,,,,,,,,,,,,,,,,,,,,,,,,,,,,,,,,,,,,,,,,,,,,,,,,,,,,,,,,,,,,,,,,,,,,,,,,,,,,,,,,,,,,,,,,,,,,,,,,,,,,,,,,,,,,,,,,,,,,,,,,,,,,,,,,,,,,,,,,,,,,,,,,,,,,,,,,,
R98,,,,,,,*/bˈɑjso/,,,,,,,,,,,,,,,,,,,,,,,,,,,,,,,,,,,,,,,,,,,,,,,,,,*/kˈɔjɾo/,,,,,,,,,,,,,,,,,,,,,*/kˌojɾˈɑt͡ʃɑ/,,,,,,,*/kˌɑpɾˈɑjɾo/,,,,,*/kˌɑjsˈɑjɾo/,,,,,,,,,,,,,,*/mˈojɾɑ/,,,,*/mˌɑjson̪ˈɑt̪ɑ/,,,,,,,*/mˌɑt̪ˈɛjɾɑ/,,,,,,,,,,,,,,,,,,,,,,,,,,,,,,,,,,,,,,,,,,,,*/sˈɑjpɑ/,,,,,,,,,,,,,,,,,,*/u̯ˌɑjɾˈɔlɑ/,,,,,,,,,,,,,,,*/ˈɑjɾɑ/,,,,,,,,,,,,,,,,,,,,*/ˌɑl̪t̪ˈɑjɾo/,,,,,,*/ˌɑppˈɑjɾo/,,*/ˌɑɾkˈɑjɾo/,*/ˌɑɾmˈɑjɾo/,,*/ˌɑsn̪ˈɑjɾo/,,,,,*/ˌɑu̯ɡˈojɾo/,,
R99,,,,,,,,,,,,,,,,,,,,,,,,,,,,,,,,,,,,,,,,,,,,,,,,,,,,,,,,,,,,,,,,,,,,,,,,,,,,,,,,,,,,,,,,,,,,,,,,,,,,,,,,,,,,,,,,,,,,,,,,,,,,,,,,,,,,,,,,,,,,,,,,,,,,,,,,,,,,,,,,,,,,,,,,,,,,,,,,,,,,,,,,,,,,,,,,,,,,,,,,,,,,,,,,,,,,,,,,,,,,,,,,,,,,,,
R100,*/βlˌɑn̪ðˈet͡ʃɑ/,*/βɾˈɑkt͡ʃo/,*/βɾˌɑkt͡ʃˈɔlo/,*/βˈokkɑ/,*/βˈɑekɑ/,*/βˌɑllˈes̪t̪ɑ/,*/βˈɑjso/,*/βˈɑsso/,*/βˌelˈɛɲo/,*/βˌorˈɑen̪e/,*/βˌɑɾβˈɛllɑ/,*/ðˈɛt͡ʃemo/,*/ðˈen̪t̪ɾo/,*/ðˌet͡ʃˈɛmβɾe/,*/ðˈos/,*/ðˌeβet̪ˈoɾe/,*/ðˌespˈɛxt̪o/,*/ðˌesˌɑŋd͡ʒen̪ˈɑɾe/,*/ðˌext̪ˈɑt̪o/,*/ðˌomˈin̪eko/,,,,,,,*/fˈɛβɾe/,,,,,,,,,,,,,,,,,*/kɾˈeðe/,*/kɾˈuðo/,,,*/ku̯ˈin̪ðet͡ʃe/,*/ku̯ˈɑn̪ðo/,,,,,,,,,*/kˈoβet̪o/,,,,,,,,*/kˌolˈɔβɾɑ/,,,,*/kˌon̪ðˈoxt̪o/,,,,*/kˌoɾðˈɔʎo/,,,,,,,,,,,,,,,,,,,,,,,,*/lˌeɣˈumen̪e/,,*/lˌit̪eɣˈɑɾe/,,*/lˌomβɾˈit͡ʃe/,,,,,,,,,,,,,,,,,,,,,*/pˈɛɾðet̪ɑ/,,,,,,,,,*/pˌeðˈuko/,,,,,,,,,,*/ɾˈeeðo/,,,,,,,,,,,,,*/sˈut͡ʃeðo/,,,*/sˈɑŋɣu̯en̪e/,,,,,*/sˌopˈɛɾβjɑ/,,,,*/t̪ˈɛpeðo/,,,*/t̪ˈoɾβeðo/,,,,,,,,,*/lˈɑn̪ðe/,*/ɣɾˈɛko/,*/ɣˈoβjɑ/,,*/ɣˌɑllˈin̪ɑ/,,*/ˈeβɾo/,,,,,,,,,,,,*/ˌen̪ðˈeʎɑ/,,,,*/ˌoɾðˈeɲo/,*/ˌɑββɾˌɑt͡ʃˈɑɾe/,*/ˌɑββˈɑt̪e/,*/ˌɑðu̯ˌokɑt̪ˈoɾe/,*/ˌɑðu̯ˈɛsso/,,,*/ˌɑkkˌoβet̪ˈɑɾe/,,,,,,,,,,,,,,,,,,,,*/ˌɑu̯ɣˈojɾo/,,*/ˌɑβˈɑt͡ʃe/
R101,,,,,,,,,,,,,,,,,,*/ðˌesˌɑŋʝen̪ˈɑɾe/,,,,,,,,,,,,,,,,,,,,,,*/fˌɑs̪t̪ˈiʝo/,,,,,,,,,,,,,,,,,,,,,,,,,,,,,,,,,,,,,,,,*/kˌoʝet̪ˈɑɾe/,,,,,,,,,,,,,,,,,,,*/lˈeʝe/,,,,,,,,,,,,,,,,,,,,,,,,,,,*/pˈɔʝo/,,,,,,,,,,,,,,,,,*/ɾˈɑʝo/,,,,,,,,,,,,,,,,,,,,,,,,,,,,,,,*/u̯ˈɑʝen̪ɑ/,,,,,,,,*/ʝˌeɾmˈɑn̪o/,,,,,,,,,,,,*/ˈɑu̯ɾʝˈɑɾe/,,,,,,,,,,,,,,,,,,,,,,,,,,,,,,,,,,,,
R102,,,,,,,,,,,,,,,,,,,,,,,,,,,,,,,,,,,,,,,,,,,,*/kɾˈee/,,,,,,,,,,,,,,,,,,,,,,,,,,,,,,,,,,,,,,,,,,,,,,,,,,,,,,,,*/lˌit̪eˈɑɾe/,,,,,,,,,,,,,,,,,,,,,,,,,,,,,,,,,,,,,,,,,,,,,,,,,,,,,,,,,,,,,,,,,,,,,,,,,,,,,,,,,,,,,,,,,,,,,,,,,,,,,,,,,,,,,,,,,,,,,,,,,,,,,,,,,,
R103,,,,,,,,,,,,,,,,,,,,,,,,,,,,,,,,,,,,,,,,,,,,,*/kɾˈuo/,,,,,,,,,,,,,,,,,,,,,,,,,,,,,,,,,,,,,,,,,,,,,,,,,,,,,,,,,,,,,,,,,,,,,,,,,,,,,,,,,,,,,,,,,,,,,,,,,*/ɾˈeeo/,,,,,,,,,,,,,*/sˈut͡ʃeo/,,,,,,,,,,,,*/t̪ˈɛpeo/,,,*/t̪ˈoɾβeo/,,,,,,,,,,,,,,,,,,,,,,,,,,,,,,,,,,,,,,,,,,,,,,,,,,,,,,,,,,*/ˌɑu̯ˈojɾo/,,
R104,,,,,,,,,,,,,,,,,,,,,,,,,,,,,,,,,,,,,,,,,,,,,,,,,,,,,,,,,,,,,,,,,,,,,,,,,,,,,,,,,,,,,,,,,,,,,,,,,,,,,,,,,,,,,,,,,,,,,,,,,,,,,,,,,,,,,,,,,,,,,,,,,,,,,,,,,,,,,,,,,,,,,,,,,,,,,,,,,,,,,,,,,,,,,,,,,,,,,,,,,,,,,,,,,,,,,,,,,,,,,,,,,,,,,,
R105,,,,,,,*/βˈɑjzo/,,,,,,,,,,,*/ðˌezˌɑŋʝen̪ˈɑɾe/,,,,,,,*/fɾˈɑzn̪o/,,,,,,,,,,,,,,,,,,,,,,,,,,,,,,,,,,,,,*/kˈɑu̯zɑ/,,,,,,,,,,,,,,,,,,,,,,,,,,,,*/kˌɑjzˈɑjɾo/,,,,,,,,,,,,,,,,,,*/mˌɑjzon̪ˈɑt̪ɑ/,,,,,,,,,,,,,*/pɾˈezo/,,,,,,,,,,,,,,,,,,,,,,,,,,,,,*/spˈozo/,,,,,,,,,,,,,,,,,,,,,,,,,,,,,,,,,,,,,,,,,,,,,,,,,,,,,,,,,,,,,,,,,,,,,,,,,*/ˌɑzn̪ˈɑjɾo/,,,,,,,
R106,*/βlˌɑn̪ðˈed͡ʒɑ/,,,,*/βˈɑeɡɑ/,,,,,,,*/ðˈɛd͡ʒemo/,,*/ðˌed͡ʒˈɛmβɾe/,,*/ðˌeβed̪ˈoɾe/,,,*/ðˌext̪ˈɑd̪o/,*/ðˌomˈin̪eɡo/,,,,,,,,,,,,,*/fˈoɾn̪ɑd͡ʒo/,*/fˈɑd͡ʒe/,,*/fˌɑxt̪ˈid͡ʒo/,,*/fˌɑmˈeleɡo/,,,*/ˌosped̪ˈɑle/,*/ˌɑmed͡ʒˈɔlo/,*/jˌɑd͡ʒˈeɾe/,,,,,*/ku̯ˈin̪ðed͡ʒe/,,,,,*/ku̯ˈɛd̪ˈɑɾe/,,,,,*/kˈoβed̪o/,,,,,,*/t͡ʃˌen̪ɾˈɑd̪ɑ/,,,,*/kˌompod̪ˈɑɾe/,*/kˌompˈɑn̪eɡo/,,,,,,,,,*/kˌojɾˈɑd͡ʒɑ/,*/kˌobˈɛɾt̪o/,*/kˌoʝed̪ˈɑɾe/,*/kˌɑn̪n̪ˈid͡ʒo/,*/kˌɑbellɑd̪ˈuɾɑ/,*/kˌɑbed̪ˈɛllo/,,*/kˌɑbɾˈɑjɾo/,,,*/kˌɑbˈed͡ʒɑ/,*/kˌɑreɡˈɑɾe/,,,*/kˌɑd̪en̪ˈɑd̪o/,,,,,,,,*/lˌid̪eˈɑɾe/,*/lˌod͡ʒˈɛllo/,*/lˌomβɾˈid͡ʒe/,*/lˌɑɡu̯jˈɑɾe/,,*/mˈod͡ʒo/,,,*/mˌɑjzon̪ˈɑd̪ɑ/,,,*/mˌes̪t̪ˈid͡ʒo/,*/mˌosseɡˈɑɾe/,,*/mˌɑʎˈɑd̪ɑ/,*/mˌɑd̪ˈɛjɾɑ/,,,,,*/plˌeɡˈɑɾe/,,*/pɾˌimˈɑd̪eɡo/,*/pˈɛɾðed̪ɑ/,*/pˈɛd̪ɾɲo/,,,,,*/pˈuleɡɑ/,,,*/pˌeðˈuɡo/,,,*/pˌelliɡˈɑɾe/,*/pˌellˈid͡ʒɑ/,,,,,*/pˌɑɾed̪ˈin̪ɑs/,,,*/ɾˈɑbɑn̪o/,*/ɾˌed͡ʒed̪ˈɑɾe/,*/ɾˌoˈid̪o/,*/ɾˌɑsseɡˈɑɾe/,*/sˈemed̪ɑ/,,,,,,,*/sˈud͡ʒeo/,*/sˈɑled͡ʒe/,,,,*/sˌeɡu̯ˈɛn̪t̪e/,,,*/sˌobˈɛɾβjɑ/,,,*/t̪ɾˌen̪ed͡ʒˈɑɾe/,*/t̪ˈɛbeo/,,,,,,*/u̯ˌexsˈiɡɑ/,,,,,,,*/ɣɾˈɛɡo/,,,,,,,,,,*/ˈɑmed̪es/,,,,,*/ˌexsˈid̪o/,,,,*/ˌenlˈɑɡu̯jɑ/,,,*/ˌɑββɾˌɑd͡ʒˈɑɾe/,*/ˌɑββˈɑd̪e/,*/ˌɑðu̯ˌoɡɑd̪ˈoɾe/,,,,*/ˌɑkkˌoβed̪ˈɑɾe/,,*/ˌɑɡu̯ˈɑd͡ʒɑ/,,,*/ˌɑlɑd̪ˈɛɾn̪o/,,*/ˌɑmˈɑɾeɡo/,,*/ˌɑn̪ɑd̪ˈeʎɑ/,,*/ˌɑbˈeʎɑ/,,,,,,,*/ˌɑs̪t̪ˈoɾeɡɑ/,,,,*/ˌɑβˈɑd͡ʒe/
R107,,,,,,,,,,,,,,,,,,,,,,,,,,,,,,,,,,,*/fˈɑu̯t͡ʃe/,,,,,,,,,,,,,,,,,,,,,,,,,,,,,,,,,,,,,,,,,,,,,,,,,,,,,,,,,,,,,,,,,,,,,,,,,,,,,,,,,,,,,,,,,,,,,,,,,,,,,,,,,,,,,,,,,,,,,,,,,,*/sˈɑu̯t̪o/,,,,,,,,,,,,,,,,,,,,,,,,,,,,,,,,,,,,,,,,,,,,,,,,,,,,,,,*/ˌɑu̯t̪ˈɑjɾo/,,,,,,,,,,,,,,,,,,
R108,,,,,,,,,,,,,,,,,,,,,,,,,,,,,,,,,,,,,,,,,,,,,,,,,,,,,,,,,,,,,,,,,,,,,,,,,,,,,,,,,,,,,,,,,,,,,,,,,,,,,,,,,,,,,,,,,,,,,,,,,,,,,,,,,,,,,,,,,,*/pˌojsˈɑɾe/,,,,,,,,,,,,,,,,,,,,,,,,,,,,,,,,,,,,,,*/u̯ˈojt̪ɾe/,,,,,,,,,,,,,,,,,,,,,,,,,,,,,,,,,,,,,,,,,,,,,,,,,,,,,,
R109,*/βlˌɑn̪ðˈed͡zɑ/,*/βɾˈɑkt͡so/,*/βɾˌɑkt͡sˈɔlo/,,,,,,,,,*/ðˈɛd͡zemo/,,*/ðˌed͡zˈɛmβɾe/,,,,,,,,,,,,,,,,,,*/fˈɔɾt͡sɑ/,*/fˈoɾn̪ɑd͡zo/,*/fˈɑd͡ze/,*/fˈɑu̯t͡se/,*/fˌɑxt̪ˈid͡zo/,,,,,,*/ˌɑmed͡zˈɔlo/,*/jˌɑd͡zˈeɾe/,,,*/kɾˌest͡sˈeɾe/,,*/ku̯ˈin̪ðed͡ze/,,,,,,*/t͡sˈɛn̪t̪o/,*/t͡sˈeʎɑ/,,,,,,,,*/t͡sˌemˈɛn̪t̪o/,*/t͡sˌen̪ɾˈɑd̪ɑ/,*/t͡sˌin̪t̪ˈuɾɑ/,,,,,,,,,,,*/kˌorˈot̪t͡so/,,*/kˌojɾˈɑd͡zɑ/,,,*/kˌɑn̪n̪ˈid͡zo/,,,,,,*/kˌɑt̪t͡sˈɑɾe/,*/kˌɑbˈed͡zɑ/,,,,,*/lˈɛn̪t͡so/,,,*/lˈɑŋt͡sɑ/,*/lˈɑu̯t͡sɑ/,,,,*/lˌod͡zˈɛllo/,*/lˌomβɾˈid͡ze/,,,*/mˈod͡zo/,,,,,,*/mˌes̪t̪ˈid͡zo/,,,,,,,*/pˈɛt̪t͡sɑ/,,,,,,,,,,,,,,,,,,*/pˌellˈid͡zɑ/,,,,,,,,,*/ɾˌed͡zed̪ˈɑɾe/,,,,,,,,,,*/sˈud͡zeo/,*/sˈɑled͡ze/,,,,,,,,,,*/t̪ɾˌen̪ed͡zˈɑɾe/,,,,,,,,,,,,,,,,,,,,,,,,,,,,,,,,*/ˌeŋt͡sˈin̪t̪ɑ/,,,,*/ˌɑββɾˌɑd͡zˈɑɾe/,,,,,,,,*/ˌɑɡu̯ˈɑd͡zɑ/,,,,,,,,,,,,,,*/ˌɑst͡sˈɔlɑ/,,,,,,*/ˌɑβˈɑd͡ze/
R110,,,,,,,,,,,,,,,,,,,,,,,,,,,,,,,,,,,,,,,,,,,,,,,,,,,,,,,,,,,,,,,,,,,,,,,,,,,,,,,,,,,,,,,,,,,,,,,,,,,,,,,,,,,,,,,,,,,,,,,,,,,,,,,,,,,,,,,,,,,,,,,,,,,,,,,,,,,,,,,,,,,,,,,,,,,,,,,,,,,,,,,,,,,,,,,,,,,,,,,,,,,,,,,,,,,,,,,,,,,,,,,,,,,,,,
R111,,,,,,,,,,,,,,,,,,,,,,,,,,,,,,,,,,,,,,,,,,,,,,,,,,,,,,,,,,,,,,,,,,,,,,,,,,,,,,,,,,,,,,,,,,,,,,,,,,,,*/lˌid̪jˈɑɾe/,,,,,,,,,,,,,,,,,,,,,,,,,,,,,,,,,,,,,,,,,,*/ɾˈejo/,,,,,,,,,,,,,*/sˈud͡zjo/,,,,,,,,,,,,*/t̪ˈɛbjo/,,,*/t̪ˈoɾβjo/,,,,,,,,,,,,,,,,,,,,,,,,,,,,,,,,,,,,,,,,,,,,,,,,,,,,,,,,,,,,
R112,,,,,*/βˈɑjɡɑ/,,,,,*/βˌorˈɑjn̪e/,,,,,,,,,,,,,,,,,,,,,,,,,,,,,,,,,,,,,,,,,,,,,,,,,,,,,,,,,,,,,,,,,,,,,,,,,,,,,,,,,,,,,,,,,,,,,,,,,,,,,,,,,,,,,,,,,,,,,,,,,,,,,,,,,,,,,,,,,,,,,,,,,,,,,,,,,,,,,,,,,,,,,,,,,,,,,,,,,,,,,,,,,,,,,,,,,,,,,,,,,,,,,,,,,,,,,,,,,,,,
R113,*/vlˌɑn̪ðˈed͡zɑ/,*/vɾˈɑkt͡so/,*/vɾˌɑkt͡sˈɔlo/,*/vˈokkɑ/,*/vˈɑjɡɑ/,*/vˌɑllˈes̪t̪ɑ/,*/vˈɑjzo/,*/vˈɑsso/,*/vˌelˈɛɲo/,*/vˌorˈɑjn̪e/,*/vˌɑɾvˈɛllɑ/,,,*/ðˌed͡zˈɛmvɾe/,,*/ðˌeved̪ˈoɾe/,,,,,,,,,,,*/fˈɛvɾe/,,,,,,,,,,,,,,,,,,,,,,,,,,,,,,,*/kˈoved̪o/,,,,,,,,*/kˌolˈɔvɾɑ/,,,,,,,,,,,,,,,,,,,,,,,,,,,,,,,,,,,,*/lˌomvɾˈid͡ze/,,,,,,,,,,,,,,,,,,,,,,,,,,,,,,,,,,,,,,,,,,,,,,,,,,,,,,,,,,,,,*/sˌobˈɛɾvjɑ/,,,,,,,*/t̪ˈoɾvjo/,,,,,,,,,,,*/ɣˈovjɑ/,,,,*/ˈevɾo/,,,,,,,,,,,,,,,,,*/ˌɑvvɾˌɑd͡zˈɑɾe/,*/ˌɑvvˈɑd̪e/,,,,,*/ˌɑkkˌoved̪ˈɑɾe/,,,,,,,,,,,,,,,,,,,,,,*/ˌɑvˈɑd͡ze/
R114,,*/vɾˈɑt͡st͡so/,*/vɾˌɑt͡st͡sˈɔlo/,,,,,,,,,,,,,,,,,,,,,,,,,,,,,,,,,,,,,,,,,,,,,,,,,,,,,,,,,,,,,,,,,,,,,,,,,*/kˌorˈot͡st͡so/,,,,,,,,,,,*/kˌɑt͡st͡sˈɑɾe/,,,,,,,,,,,,,,,,,,,,,,,,,,,,,,,*/pˈɛt͡st͡sɑ/,,,,,,,,,,,,,,,,,,,,,,,,,,,,,,,,,,,,,,,,,,,,,,,,,,,,,,,,,,,,,,,,,,,,,,,,,,,,,,,,,,,,,,,,,,,,,,,,,,,,,,,,,,,,,,,,
R115,,,,,,,,,,,,,,,,,*/ðˌespˈɛjt̪o/,,*/ðˌejt̪ˈɑd̪o/,,,*/fɾˈijt̪o/,,*/fɾˈujt̪o/,,*/fɾˌijsjˈɔlo/,,*/fˈijt̪o/,,,,,,,,*/fˌɑjt̪ˈid͡zo/,*/fˌɑjt̪ˈuɾɑ/,,,,,,,,,,,,,,,,,,,*/kˈɔjso/,,,,,,,,,,,,,,*/kˌon̪ðˈojt̪o/,,,*/kˌon̪t̪ɾˈɑjt̪o/,,,,,,,,,,,,,,,,,,,,,,*/lˈɑjt̪e/,,,,,,,,,,,,,,,,,,,,,,,,,,,,,,,,,,,,,,,*/pˌejt̪ɾˈɑle/,,,,,,,,,,,,,,,,,,,,,,,,,,,,,,,,,,,,,,*/t̪ˌɑjsˈon̪e/,*/u̯ˌejsˈiɡɑ/,,*/u̯ˈijt̪o/,,,,,,,,,,,,,,*/ˈɑjse/,,,,,,*/ˌejsˈid̪o/,,,,,,,,,,,,*/ˌɑffɾˈɑjt̪o/,,,,,,,,,,,,,,,,,,,,,,,
R116,,,,,,,,,,,,,,,,,,,,,,,,,,,,,,,,,,,,,,,,,,,,,,,,,,,,,,,,,,,,,,,,,,,,,,,,,,,,,,,,,,,,,,,,,,,,,,,,,,,,,,,,,,,,,,,,,,,,,,,,,,,,,,,,,,,,,,,,,,,,,,*/ɾˈijo/,,,,,,,,,,,,,,,,,,,,,,,,,,,,,,,,,,,,,,,,,,,,,,,,,,,,,,,,,*/ˌinlˈɑɡu̯jɑ/,,,,,,,,,,,,,,,,,,,,,,,,,,,,,,,
R117,,,,,,,,,,,,,,,,,,,,,,,,,,,,,,,,,,,,,,,,,,,,,,,,,,,,,,,,,,,,,,,,,,,,,,,,,,,*/kˌurˈiɑ/,,,,,*/kˌuʝed̪ˈɑɾe/,,,,,,,,,,,,,,,,,,,,,,,,,,,,,,,,,,,,,,,,,,,,,,,,,,,,,,,,,,,,*/pˌulˈio/,,,,,,,,,,,,,,,,,,,,,,,*/sˌubˈɛɾvjɑ/,,,,,,,*/t̪ˈuɾvjo/,,,,,,,,,,,*/ɣˈuvjɑ/,,,,,,,,,,,,,,,,,,,,,,,,,,,,,,,,,,,,,,,,,,,,,,,,,
R118,,,,,,,,,,,,,,,,,,,,,,,,,,,,,,,,,,,,,,,,,,,,,,,,,,,,,,,,,,,,,,,,,,,,,,*/kˌun̪ðˈujt̪o/,,,*/kˌun̪t̪ɾˈɑjt̪o/,,,,,,,,,,,,,,,,,,,,,,,,,,,,,*/lˌumvɾˈid͡ze/,,,,,,,,,,,,,,,,,,,,,,,,,,,,,,,,,,,,*/pˌujsˈɑɾe/,,,,,,,,*/ɾˌuˈid̪o/,,,,,,,,,,,,,,,,,,,,,,,,,,,,,,*/u̯ˈujt̪ɾe/,,,,,,,,,,,,,,,,,,,,,,,,,,,,,,,,,,,,,,,,,,,,,,,,,,,,,,
R119,,,,,,,,,*/vˌelˈeɲo/,,,,,,,,*/ðˌespˈejt̪o/,,,,,,,,,,,,,*/fˈoʎɑ/,,,,,,,,,,,,,,,,,,,,,,,,,,*/kˈojso/,*/kˈojɾo/,,,,,,,,,,,,,,,,,*/kˌoɾðˈoʎo/,,,,,,,,,,,,,,,,,,,,,,,,,,,,,,,,,,,,,,,,,*/mˌɑd̪ˈejɾɑ/,,,,,,,,,*/pˈed̪ɾɲo/,,*/pˈoʝo/,,,,,,,,,,,,,,,,,,,,,,,,,,,*/sˈoɲɲo/,,,,,,,,,,*/sˌubˈeɾvjɑ/,,,,*/t̪ˈebjo/,,,,,,,,,,,,,,,,,,,,*/ˈoʎo/,,,,,,,,,,,,,*/ˌen̪t̪ˈejɾo/,,,,,,,,,,,,,,,,,,,,,,,,,,,,,,
R120,,,,,,,,,,,,,,,,,,,,,,,,,,,,,,,,,,,,,,,,,,,,,,,,,,,,,,,,,,,,,,,,,,,,,,,,,,,,,,,,,,,,,,,,,,,,,,,,,,,,,,,,,,,,,,,,,,,,,,,,,,,,,,,,,,,,,,,,,,,,,,,,,,,,,,,,,,,,,,,,,,,,,,,,,,,,,,,,,,,,,,,,,,,,,,,,,,,,,,,,,,,,,,,,,,,,,,,,,,,,,,,,,,,,,,
R121,,,,,,,,,,,,,,,,,,,,,,,,,,,,,,,,,,,,,,,,,,,,,,,,,,,,,,,,,,,,,,,,,,,,,,,,,,,,,,,,*/kˌuʝid̪ˈɑɾe/,,,,,,,,,,,,,,,,,,,*/lˈeʝi/,,,,,,,,,,,,,,,,,,,,,,,,,,,,,,,,,,,,,,,,,,,,,,,,,,,,,,,,,,,,,,,,,,,,,,,,,,,*/u̯ˈɑʝin̪ɑ/,,,,,,,,,,,,,,,,,,,,,,,,,,,,,,,,,,,,,,,,,,,,,,,,,,,,,,,,
R122,,,*/vɾˌɑt͡st͡sˈɔelo/,,,,,,,,*/vˌɑɾvˈɛellɑ/,*/ðˈɛed͡zemo/,,*/ðˌed͡zˈɛemvɾe/,,,,,,,,,*/fɾˈɔen̪t̪e/,,,*/fɾˌijsjˈɔelo/,*/fˈɛevɾe/,,,,*/fˈɔen̪t̪e/,*/fˈɔeɾt͡sɑ/,,,,,,,,,,*/ˌɑmed͡zˈɔelo/,,,,,,,,,,,*/ku̯ˈɛed̪ˈɑɾe/,*/t͡sˈɛen̪t̪o/,,,,,,,,,*/t͡sˌemˈɛen̪t̪o/,,,*/kˌolˈɔevɾɑ/,,,,,,,,,,,,,*/kˌobˈɛeɾt̪o/,,,,*/kˌɑbed̪ˈɛello/,*/kˌɑppˈɛellɑ/,,*/kˌɑssjˈɔelɑ/,,,,,*/kˌɑs̪t̪ˈɛello/,,*/lˈɛen̪t͡so/,,,,,,,,*/lˌod͡zˈɛello/,,,,,,,,,,,,,,,,,*/pˈɛet͡st͡sɑ/,,,,,*/pˈɛeɾðed̪ɑ/,,,,*/pˈɔest̪o/,,,,,,,,,,*/pˌolˈɛen̪t̪ɑ/,,,,,,,,,,,,*/skˈɔelɑ/,,*/sˈɛellɑ/,*/sˈɛempeɾ/,,*/sˈɔen̪n̪o/,,,,,,*/sˌeɡu̯ˈɛen̪t̪e/,,,,,,,,,,,,,,,,,*/u̯ˌɑjɾˈɔelɑ/,,,*/ɣɾˈɛeɡo/,,,,*/ˈɛeɾmo/,,,,,,,,,*/ˌɑu̯ˈɛesso/,,,*/ˌempˈɔest̪o/,,,,,,,,,*/ˌɑðu̯ˈɛesso/,*/ˌɑffɾˈɔen̪t̪ɑ/,,,,,,,*/ˌɑlɑd̪ˈɛeɾn̪o/,*/ˌɑmɑɾˈɛello/,,,,,,,,,,*/ˌɑst͡sˈɔelɑ/,*/ˌɑs̪t̪ˈɛellɑ/,,,,,
R123,,,*/vɾˌɑt͡st͡su̯ˈelo/,,,,,,,,*/vˌɑɾvjˈellɑ/,*/ðjˈed͡zemo/,,*/ðˌed͡zjˈemvɾe/,,,,,,,,,*/fɾu̯ˈen̪t̪e/,,,*/fɾˌijsju̯ˈelo/,*/fjˈevɾe/,,,,*/fu̯ˈen̪t̪e/,*/fu̯ˈeɾt͡sɑ/,,,,,,,,,,*/ˌɑmed͡zu̯ˈelo/,,,,,,,,,,,*/ku̯jˈed̪ˈɑɾe/,*/t͡sjˈen̪t̪o/,,,,,,,,,*/t͡sˌemjˈen̪t̪o/,,,*/kˌolu̯ˈevɾɑ/,,,,,,,,,,,,,*/kˌobjˈeɾt̪o/,,,,*/kˌɑbed̪jˈello/,*/kˌɑppjˈellɑ/,,*/kˌɑssju̯ˈelɑ/,,,,,*/kˌɑs̪t̪jˈello/,,*/ljˈen̪t͡so/,,,,,,,,*/lˌod͡zjˈello/,,,,,,,,,,,,,,,,,*/pjˈet͡st͡sɑ/,,,,,*/pjˈeɾðed̪ɑ/,,,,*/pu̯ˈest̪o/,,,,,,,,,,*/pˌoljˈen̪t̪ɑ/,,,,,,,,,,,,*/sku̯ˈelɑ/,,*/sjˈellɑ/,*/sjˈempeɾ/,,*/su̯ˈen̪n̪o/,,,,,,*/sˌeɡu̯jˈen̪t̪e/,,,,,,,,,,,,,,,,,*/u̯ˌɑjɾu̯ˈelɑ/,,,*/ɣɾjˈeɡo/,,,,*/jˈeɾmo/,,,,,,,,,*/ˌɑu̯jˈesso/,,,*/ˌempu̯ˈest̪o/,,,,,,,,,*/ˌɑðu̯jˈesso/,*/ˌɑffɾu̯ˈen̪t̪ɑ/,,,,,,,*/ˌɑlɑd̪jˈeɾn̪o/,*/ˌɑmɑɾjˈello/,,,,,,,,,,*/ˌɑst͡su̯ˈelɑ/,*/ˌɑs̪t̪jˈellɑ/,,,,,
R124,,,,,,,,,,,,,,,,,,,,,,,,,,,,,,,,,,,,,,,,,,,,,,,,,,,,,,,,,,,,,,,,,,,,,,,,,,,,,,,,,,,,,,,,,,,,,,,,,,,,,,,,,,,,,,,,,,,,,,,,,,,,,,,,,,,,,,,,,,,,,,,,,,,,,,,,,,,,,,,,,,,,,,,,,,,,,,,,,,,,,,*/ˌeɾmˈɑn̪o/,,,,,,,,,,,,,,,,,,,,,,,,,,,,,,,,,,,,,,,,,,,,,,,,
R125,,,,,,,,,,,,,,,,,,,,,,,,,,,,,,,,,,,,,,,,,,,,,,,,,,,,,,,,,,,,,,,,,,,,,,,,,,,,,,,,,,,,,,,,,,,,,,,,,,,,,,,,,,,,,,,,,,,,,,,,,,,,,,,,,,,,,,,,,,,,,,,,,,,,,,,,,,,,,,,,,,,,,,,,,,,,,,,,,,,,,,,,,,,,,,,,,,,,,,,,,,,,,,,,,,,,,,,,,,,,,,,,,,,,,,
R126,,,,,,,,,,,,,,,,,,,,,,,,,,,,,,,,,,,,,,,,,,,,,,,,,,,,,,,,,,,,,,,,,,,,,,,,,,,,,,,,,,,,,,,,,,,,,,,,,,,,,,,,,,,,,,,,,,,,,,,,,,,,,,,,,,,,,,,,,,,,,,,,,,,,,,,,,,,,,,,,,,,,,,,,,,,,,,,,,,,,,,,,,,,,,,,,,,,,,,,,,,,,,,,,,,,,,,,,,,,,,,,,,,,,,,
R127,,,,,,,,,,,,,,,,,,,,,,,,,,,,,,,,,,,,,,,,*/fˌɑs̪t̪ˈio/,,,,,,,,,,,,,,,,,,,,,,,,,,,,,,,,,,,,,,,,,,,,,,,,,,,,,,,,,,,*/lˈei/,,,,,,,,,,,,,,,,,,,,,,,,,,,,,,,,,,,,,,,,,,,,,,,,,,,,,,,,,,,,,,,,,,,,,,,,,,,,,,,,,,,,,,,,,,,,,,,,,,,,,,,,,,,,,,,,,,,,,,,,,,,,,,,,,,,
R128,,,,,,,,,,,,,,,,,,,,,,,,,,,,,,,,,,,,,,,,,,,,,,,*/kɾjˈɑɾe/,,,,,,,,,,,,,,,,,,,,,,,,,,,,,,,,,,,,,,,,,,,,,,,,,,,,,,,,,,,,,,,,,,,,,,,,,,,,,,,,,,,,,,*/pjˈoɾe/,,,,,,,,,,,,,*/ɾu̯ˈid̪o/,,,,,,,,,,,,,,,,,,,,,,,,,,,,,,,,,,,,,,,,,,,,,,,,,,,,,,,,,,,,,,,,,,,,,,,,,,,,,,,,,,,,
R129,,,,,,,,,,,,,,,,,,,,,,,,,,,,,,,,,,,,,,,,,,,,,,,,,,,,,,,,,,,,,,,,,,,,,,,,,,,,,,,,,,,,,,,,,,,,,,,,,,,*/lˈej/,,,,,,,,,,,,,,,,,,,,,,,,,,,,,,,,,,,,,,,,,,,,,,,,,,,,,,,,,,,,,,,,,,,,,,,,,,,,,,,,,,,,,,,,,,,,,,,,,,,,,,,,,,,,,,,,,,,,,,,,,,,,,,,,,,,
R130,,,,,,,,,,,,,,,,,,,,,,,,,,,,,,,,,,,,,,,,,,,,,,,,,,,,,,,,,,,,,,,,,,,,,,,,,,,,,,,,,,,,,,,,,,,,,,,,,,,,,,,,,,*/mˈɑʝo/,,,,,,,*/mˌɑʝoɾˈin̪o/,,,,,,,,,,,,,,,,,,,,,,,,,,,,,*/ɾˈiʝo/,,,,,,,,,,,,,,,,,,,,,,,,,,,,,,,,,,,,,,,,,,,,,,,,,,,,,,,,,,,,,,,,,,,,,,,,,,,,,,,,,,,,,,*/ˌɑɣʷˈojɾo/,,
R131,,,,,,,,,,,,,,,,,,,,,,,,,,,,,,,,,,,,,,,,,,,*/ʝˌɑd͡zˈeɾe/,,,,,,,,,,,,,,,,,,,,,,,,,,,,,,,,,,,,,,,,,,,,,,,,,,,,,,,,,,,,,,,,,,,,,,,,,,,,,,,,,,,,,,,,,,,,,,,,,,,,,,,,,,,,,,,,,,,,,,,,,,,,,,,,,,*/ɣʷˌejsˈiɡɑ/,*/ɣʷˈɑʝin̪ɑ/,*/ɣʷˈijt̪o/,*/ɣʷˈujt̪ɾe/,*/ɣʷˌɑjɾu̯ˈelɑ/,,,,,,,*/ʝˈeɾmo/,,,,,,,,,,,,,,,,,,,,,,,,,,,,,,,,,,,,,,,,,,,,,,
R132,,,,,,,,,,,,,,,,,,,,,,,,,,,,,,,,,,,,,,,,,,,,,,,,,,,,,,,,,,,,,,,,,,,,,,,,,,,,,,,,,,,,,,,,,,,,,,,,,,,,,,,,,,,,,,,,,,,,,,,,,,,,,,,,,,,,,,,,,,,,,,,,,,,,,,,,,,,,,,,,,,,,,,,,,,,,,,,,,,,,,,,,,,,,,,,,,,,,,,,,,,,,,,,,,,,,,,,,,,,,,,,,,,,,,,
R133,*/βlˌɑn̪ðˈed͡zɑ/,*/βɾˈɑt͡st͡so/,*/βɾˌɑt͡st͡su̯ˈelo/,*/βˈokkɑ/,*/βˈɑjɡɑ/,*/βˌɑllˈes̪t̪ɑ/,*/βˈɑjzo/,*/βˈɑsso/,*/βˌelˈeɲo/,*/βˌorˈɑjn̪e/,*/βˌɑɾβjˈellɑ/,,,*/ðˌed͡zjˈemβɾe/,,*/ðˌeβed̪ˈoɾe/,,,,,*/ɸlˈɑmmɑ/,*/ɸɾˈijt̪o/,*/ɸɾu̯ˈen̪t̪e/,*/ɸɾˈujt̪o/,*/ɸɾˈɑzn̪o/,*/ɸɾˌijsju̯ˈelo/,*/ɸjˈeβɾe/,*/ɸˈijt̪o/,*/ɸˈiʎo/,*/ɸˈoʎɑ/,*/ɸu̯ˈen̪t̪e/,*/ɸu̯ˈeɾt͡sɑ/,*/ɸˈoɾn̪ɑd͡zo/,*/ɸˈɑd͡ze/,*/ɸˈɑu̯t͡se/,*/ɸˌɑjt̪ˈid͡zo/,*/ɸˌɑjt̪ˈuɾɑ/,*/ɸˌɑmˈeleɡo/,*/ɸˌɑɾˈin̪ɑ/,*/ɸˌɑs̪t̪ˈio/,,,,,,,,,,,,,,,,,,*/kˈoβed̪o/,,,,,,,,*/kˌolu̯ˈeβɾɑ/,,,,,,,,,,,,,,,,,,,,,,,,,,,,,,,,,,,,*/lˌumβɾˈid͡ze/,,,,,,,,,,,,,,,,,,,,,,,,,,,,,,,,,,,,,,,,,,,,,,,,,,,,,,,,,,,,,*/sˌubˈeɾβjɑ/,,,,,,,*/t̪ˈuɾβjo/,,,,,,,,,,,*/ɣˈuβjɑ/,,,,*/ˈeβɾo/,,,,,,,,,,,,,,,,,*/ˌɑββɾˌɑd͡zˈɑɾe/,*/ˌɑββˈɑd̪e/,,,*/ˌɑɸɸɾu̯ˈen̪t̪ɑ/,*/ˌɑɸɸɾˈɑjt̪o/,*/ˌɑkkˌoβed̪ˈɑɾe/,,,,,,,,,,,,,,,,,,,,,,*/ˌɑβˈɑd͡ze/
R134,,,,,,,,,,,,,,,,,,,,,,,,,,,,,*/ɸˈid͡ʒo/,*/ɸˈod͡ʒɑ/,,,,,,,,,,,,,,,,,,,,,,,,,*/t͡sˈed͡ʒɑ/,,,,,,,,,,,,,,,,,,,*/kˌoɾðˈod͡ʒo/,,,,,,,,,,,,,,,,,,,,,,,,,,,,,,,,,,,,,,,,*/mˌɑd͡ʒˈɑd̪ɑ/,,,,,,,,,,,,,,,,,,,,,,,,,,,,,,,,,,,,,,,,,,,,,,,,,,,,,,*/t̪ˈed͡ʒɑ/,,,,,,,,,,,,,,,,,,,*/ˈod͡ʒo/,,,,,,,,,,*/ˌen̪ðˈed͡ʒɑ/,,,,,,,,,,,,,,,,,,,*/ˌɑn̪n̪ˈed͡ʒo/,*/ˌɑn̪ɑd̪ˈed͡ʒɑ/,,*/ˌɑbˈed͡ʒɑ/,,,*/ˌɑɾt̪ˈed͡ʒo/,,,,,,,,
R135,*/βlˌɑn̪d̪ˈed͡zɑ/,,,,,,,,,,,,,*/ðˌed͡zjˈembɾe/,,,,*/ðˌezˌɑŋɟen̪ˈɑɾe/,,,,,,,,,,,,,,,,,,,,,,,,,,,,,,*/ku̯ˈin̪d̪ed͡ze/,*/ku̯ˈɑn̪d̪o/,,,,,,,,,,,,,,,,,,,,,*/kˌun̪d̪ˈujt̪o/,,,,,,,,,,,,,,,,,,,,,,,,,,,,,,,,*/lˌumbɾˈid͡ze/,,,,,,,,,,,,,,,,,,,,,,,,,,,,,,,,,,,,,,,,,,,,,,,,,,,,,,,,*/sˈɑŋɡu̯en̪e/,,,,,,,,,,,,,,,,,,,,,*/lˈɑn̪d̪e/,,,,,,,,,,,,,,,,,,*/ˌen̪d̪ˈed͡ʒɑ/,,,,,,,,,,,,,,,,,,,,,,,,,,,,,,,,,
R136,,,,,,,,,,,,,,,,,,,,,,,,,,,,,*/ɸˈiʒo/,*/ɸˈoʒɑ/,,,,,,,,,,,,,,,,,,,,,,,,,*/t͡sˈeʒɑ/,,,,,,,,,,,,,,,,,,,*/kˌoɾðˈoʒo/,,,,,,,,,,,,,,,,,,,,,,,,,,,,,,,,,,,,,,,,*/mˌɑʒˈɑd̪ɑ/,,,,,,,,,,,,,,,,,,,,,,,,,,,,,,,,,,,,,,,,,,,,,,,,,,,,,,*/t̪ˈeʒɑ/,,,,,,,,,,,,,,,,,,,*/ˈoʒo/,,,,,,,,,,*/ˌen̪d̪ˈeʒɑ/,,,,,,,,,,,,,,,,,,,*/ˌɑn̪n̪ˈeʒo/,*/ˌɑn̪ɑd̪ˈeʒɑ/,,*/ˌɑbˈeʒɑ/,,,*/ˌɑɾt̪ˈeʒo/,,,,,,,,
R137,,,,,,,,,,,,,,,,,,,,,,,,,,,,,,,,,,,,,,,,,,,,,,,,,,,,,,,,,,,,,,,,,,,,,,,,,,,,,,,,,,,,,,,,,,,,,,,,,,,,,,,,,,,,,,,,,,,,,,,,,,,,,,,,,,,,,,,,,,,,,,,,,,,,,,,,,,,,,,,,,,,,,,,,,,,,,,,,,,,,,,,,,,,,,,,,,,,,,,,,,,,,,,,,,,,,,,,,,,,,,,,,,,,,,,
R138,,,,,,,,,,,,,,,,,,,,,,,,,,,,,,,,,,,,,,,,,,,,,,,,,,,,,,,,,,,,,,,,,,,,,,,,,,,,,,,,,,,,,,,,,,,,,,,,,,,,,,,,,,,,,,,,,,,,,,,,,,,,,,,,,,,,,,,,,,,,,,,,,,,,,,,,,,,,,,,,,,,,,,,,,,,,,,,,,,,,,,,,,,,,,,,,,,,,,,,,,,,,,,,,,,,,,,,,,,,,,,,,,,,,,,
R139,,,,,,,,,,,,,,,,,,*/ðˌezˌɑŋʒen̪ˈɑɾe/,,,,,,,,,,,,,,,,,,,,,,,,,,,,,,,,,,,,,,,,,,,,,,,,,,,,,,,,,,,,,,,,,,,,,,,,,,,,,,,,,,,,,,,,,,,,,,,,,,,,,,,,,,,,,,,,,,,,,,,,,,,,,,,,,,,,,,,,,,,,,,,,,,,,,,,,,,,,,,,,,,,,,,,,,,,,,,,,,,,,,,,,,,,,,,,,,,,,,,,,,,,,,,,,,,,,
R140,*/βʎˌɑn̪d̪ˈed͡zɑ/,,,,,,,,,,,,,,,,,,,,*/ɸʎˈɑmmɑ/,,,,,,,,,,,,,,,,,,,,,,,,,,,,,,,,,,,,,,,,*/kˈɑn̪t̪ʎo/,,,,,,,,,,,,,,,,,,,,,,,,,,,,,,,,,,,,,,,,,,,,,,*/mˈɑŋkʎɑ/,,*/mˈɑskʎo/,,,,,,,,,,*/pʎˈɑn̪t̪o/,*/pʎˌeɡˈɑɾe/,,,,,,,,,,,,,,,,,,,,,,,,,,,,,,,,,,,,,,,,,,,,,,,,,,,,,,,,,,,,,,,,,,,,,,,,,,,,,,,,,,,,,,,,,,,,,,,,,,,,,,,,,,,,,,
R141,,,,,,,,,,,,,,,,,,,,,*/ʎˈɑmmɑ/,,,,,,,,,,,,,,,,,,,,,,,,,,,,,,,,,,,,,,,,,,,,,,,,,,,,,,,,,,,,,,,,,,,,,,,,,,,,,,,,,,,,,,,,,,,,,,,,,,*/ʎˈɑn̪t̪o/,*/ʎˌeɡˈɑɾe/,,,,,,,,,,,,,,,,,,,,,,,,,,,,,,,,,,,,,,,,,,,,,,,,,,,,,,,,,,,,,,,,,,,,,,,,,,,,,,,,,,,,,,,,,,,,,,,,,,,,,,,,,,,,,,
R142,,,,,,,,,,,,,,,,,,,,,,,,,,,,,,,,,,,,,,,,,,,,,,,,,,,,,,,,,,,,,*/kˈɑn̪t͡ʃo/,,,,,,,,,,,,,,,,,,,,,,,,,,,,,,,,,,,,,,,,,,,,,,*/mˈɑŋt͡ʃɑ/,,*/mˈɑst͡ʃo/,,,,,,,,,,,,,,,,,,,,,,,,,,,,,,,,,,,,,,,,,,,,,,,,,,,,,,,,,,,,,,,,,,,,,,,,,,,,,,,,,,,,,,,,,,,,,,,,,,,,,,,,,,,,,,,,,,,,,,,,,
R143,,,,,,,,,,,,,,,,,,,,,,,,,,,,,,,,,,,,,,,,,,,,,,,,,,,,,,,,,,,,,,,,,,,,,,,,,,,,,,,,,,,,,,,,,,,,,,,,,,,,,,,,,,,,,,,,,,,,,,,,,,,,,,,,,,,,,,,,,,,,,,,,,,,,,,,,,,,,,,,,,,,,,,,,,,,,,,,,,,,,,,,,,,,,,,,,,,,,,,,,,,,,,,,,,,,,,,,,,,,,,,,,,,,,,,
R144,,,,,,*/βˌɑʎˈes̪t̪ɑ/,,,,,*/βˌɑɾβjˈeʎɑ/,,,,,,,,,,,,,,,,,,,,,,,,,,,,,,,,,,,,,,,,,,,,,,,,,,,,,,,,,,,,,,,,,,,,,,*/kˌɑɲˈid͡zo/,*/kˌɑbeʎɑd̪ˈuɾɑ/,*/kˌɑbed̪jˈeʎo/,*/kˌɑppjˈeʎɑ/,,,,,,,*/kˌɑs̪t̪jˈeʎo/,,,,,,,,,,*/lˌod͡zjˈeʎo/,,,,,,,,,,,,,,,,,,,,,,,,*/pˈeʎɑ/,,,,,,,,,,*/pˌeʎiɡˈɑɾe/,*/pˌeʎˈid͡zɑ/,,,,,,,,,,,,,,,*/sjˈeʎɑ/,,*/sˈoɲo/,*/su̯ˈeɲo/,,,,,,,*/sˈeʎo/,,,,*/t̪ɾˈoʎɑ/,,,,,,,,,,,,,,,,,,*/ɣˌɑʎˈin̪ɑ/,,,,,,,,,,,,,,,,,,,,,,,,,,,,,,,*/ˌɑmɑɾjˈeʎo/,,*/ˌɑɲˈeʒo/,,,,,,,,,*/ˌɑs̪t̪jˈeʎɑ/,,*/ˌɑu̯t̪ˈoɲo/,,,
R145,,*/βɾˈɑt͡so/,*/βɾˌɑt͡su̯ˈelo/,*/βˈokɑ/,,,,*/βˈɑso/,,,,,,,,,,,,,*/ʎˈɑmɑ/,,,,,,,,,,,,,,,,,,,,,,,,,,,,,*/ku̯ˈɑt̪oɾ/,,,,,,,,,,*/kˈoso/,,,,,,,,,,,,,,,,*/kˌorˈot͡so/,,,,,,,,*/kˌɑpjˈeʎɑ/,,*/kˌɑsju̯ˈelɑ/,*/kˌɑt͡sˈɑɾe/,,,,,,,,,,,,,,,,,,,,,,,,,*/mˌoseɡˈɑɾe/,,,,,,*/pjˈet͡sɑ/,,,,,,,,,,,,,,,,,,,,,,,,,,,,,*/ɾˌɑseɡˈɑɾe/,,,,,,,,,,,,,,,,,,,,,,,,,,,,,,,*/ˌɑt̪ɾˈɑs/,,,,,,,,*/ˈeso/,,,,,*/ˈɑŋsjɑ/,,*/ˌɑu̯jˈeso/,,,,,,,,,*/ˌɑβɾˌɑd͡zˈɑɾe/,*/ˌɑβˈɑd̪e/,,*/ˌɑðu̯jˈeso/,*/ˌɑɸɾu̯ˈen̪t̪ɑ/,*/ˌɑɸɾˈɑjt̪o/,*/ˌɑkˌoβed̪ˈɑɾe/,*/ˌɑkˌɑt̪ˈɑɾe/,,,,,,,,,*/ˌɑpˈɑjɾo/,,,,,,,,,,,,
R146,*/βlˌɑn̪d̪ˈed͡zɑ/,,,,,,,,,,,,,,,,,,,,,,,,,,,,,,,,,,,,,,,,,,,,,,,,,,,,,,,,,,,,,,,,,,,,,,,,,,,,,,,,,,,,,,,,,,,,,,,,,,,,,,,,,,,,,,,,,,,,,,,,,,,,,,,,,,,,,,,,,,,,,,,,,,,,,,,,,,,,,,,,,,,,,,,,,,,,,,,,,,,,,,,,,,,,,,,,,,,,,,,,,,,,,,,,,,,,,,,,,,,,,,,,,,,,,
R147,,,,,,,,,,,,,,,,*/ðˌeβd̪ˈoɾe/,,*/ðˌezˌɑŋʒn̪ˈɑɾe/,,,,,,,,,,,,,,,,,,,,,,,*/ˌospd̪ˈɑle/,*/ˌɑmd͡zu̯ˈelo/,,,,,,,,,,,,,,,,,,,,,,,,,,*/kˌompd̪ˈɑɾe/,,,,,,,,,,,,*/kˌuʝd̪ˈɑɾe/,,,*/kˌɑbd̪jˈeʎo/,,,,,,*/kˌɑrɡˈɑɾe/,,,*/kˌɑd̪n̪ˈɑd̪o/,,,,,,,,,,,,,,,,*/mˌɑjzn̪ˈɑd̪ɑ/,,,,*/mˌosɡˈɑɾe/,*/mˌɑʝɾˈin̪o/,,,,,,,,,,,,,,,,,,,,,,*/pˌeʎɡˈɑɾe/,,,,,,*/pˌɑɾd̪ˈin̪ɑs/,,,,*/ɾˌed͡zd̪ˈɑɾe/,,*/ɾˌɑsɡˈɑɾe/,,,,,,,,,,,,,,,,,,,*/t̪ɾˌen̪d͡zˈɑɾe/,,,,,,,,,,,,,,,,,,,,,,,,,,,,,,,,,,,,,,,,,,*/ˌɑkˌoβd̪ˈɑɾe/,,,,,,,,,,,,,,,,,,,,,,
R148,,,,,,,,,,,,*/ðjˈed͡zmo/,,,,,,,,*/ðˌomˈin̪ɡo/,,,,,,,,,,,,,,,,,,*/ɸˌɑmˈelɡo/,,,,,,,,,,,,,,,,,,,,*/kˈoβd̪o/,,,,,,,,,,,*/kˌompˈɑn̪ɡo/,,,,,,,,*/kˌoɾˈɑmn̪e/,,,,,,,,,,,,,,,,,*/lˈumn̪e/,,,,*/lˌeɣˈumn̪e/,,,,,,,,,,,,,,,,,,,*/n̪ˈomn̪e/,,,,,*/pɾˌimˈɑd̪ɡo/,,,,,,,*/pˈulɡɑ/,,,,,,,,,,,,,,,,,,,*/sˈemd̪ɑ/,,,,,,,,*/sˈɑld͡ze/,,,,,,,,,,,,,,,,,,*/ɣʷˈɑʝn̪ɑ/,,,,,,,,,,,,,,,,*/ˈɑmd̪es/,,,,,,,,,,,,,,,,,,,,,,,,,*/ˌɑmˈɑɾɡo/,,,,,,,,,,,*/ˌɑs̪t̪ˈoɾɡɑ/,,,,
R149,,,,,,,,,,,,,,,,,,,,*/ðˌomˈiŋɡo/,,,,,,,,,,,,,,,,,,,,,,,,,,,,,,,,,,,,,,,,,,,,*/t͡sˌenɾˈɑd̪ɑ/,,,,,*/kˌompˈɑŋɡo/,,,,,,,,,,,,,,,,,,,,,,,,,,,,,,,,,,,,,,,,,*/mˌenɾˈɑɾe/,,,,,,,,,,,,,,,,,,,,,,,,,,,,,,,,,,,,,,*/sˈen̪d̪ɑ/,,,,,,,,,,,,,,,,,,,,,,,,,,,,,,,,,,,,,,,,,,*/ˈɑn̪d̪es/,,,,,,,,,,,,,,,,,,,,,,,,,,,,,,,,,,,,,,,,
R150,,,,,,,,,,,,,,,,,,,,,,,,,,,,,,,,,,,,,,,,,*/ˌospt̪ˈɑle/,,,,,,,,,,,,,,,,,,,,,,,,,,,*/kˌompt̪ˈɑɾe/,,,,,,,,,,,,,,,,,,,,,,,,,,,,,,,,,,,,,,,,,,,,*/mˌoskˈɑɾe/,,,,,,,,,,,,,,,,,,,,,,,,,,,,,,,,,,,*/ɾˌɑskˈɑɾe/,,,,,,,,,,,,,,,,,,,,,,,,,,,,,,,,,,,,,,,,,,,,,,,,,,,,,,,,,,,,,,,,,,,,,,,,,,,,,,,,,,,
R151,,,,,*/βˈejɡɑ/,,*/βˈejzo/,,,*/βˌorˈejn̪e/,,,,,,,,,,,,,,,,,,,,,,,,,*/ɸˈou̯t͡se/,*/ɸˌejt̪ˈid͡zo/,*/ɸˌejt̪ˈuɾɑ/,,,,,,,,,,,,,,,,,,,,,,,,,*/kˈou̯zɑ/,,,,,,,,,,,*/kˌun̪t̪ɾˈejt̪o/,,,,,,,,,,,,*/kˌɑbɾˈejɾo/,,,,,*/kˌejzˈejɾo/,,,,,*/lˈejt̪e/,,*/lˈou̯t͡sɑ/,,,,,,,,,,,*/mˌejzn̪ˈɑd̪ɑ/,,,,,,,,,,,,,,,,,,,,,,,*/pˈou̯ko/,,,,,,,,,,,,,,,,,,,,,,,,,,*/sˈou̯t̪o/,,*/sˈejpɑ/,,,,,,,,,,,,,*/t̪ˌejsˈon̪e/,,,,,*/ɣʷˌejɾu̯ˈelɑ/,,,,,,,,,,,,*/ˈejse/,,,*/ˈejɾɑ/,*/ˌou̯jˈeso/,*/ˈou̯ɾʝˈɑɾe/,,,,,,,,,,,,,*/ˌɑɸɾˈejt̪o/,,,,,*/ˌou̯t̪ˈejɾo/,,,,,,*/ˌɑpˈejɾo/,,*/ˌɑɾkˈejɾo/,*/ˌɑɾmˈejɾo/,,*/ˌɑzn̪ˈejɾo/,,,,*/ˌou̯t̪ˈoɲo/,,,
R152,,,,,,,,,,,,,,,,,,,,,,,,,,,,,,,,,,,,,,,,,,,,,,,,,,,,,,,,,,,,,,,,,,,,,,,,,,,,,,,,,,,,,,,,,,,,,,,,,,,,,,,,,,,,,,,,,,,,,,,,,,,,,,,,,,,,,,,,,,,,,,,,,,,,,,,,,,,,,,,,,,,,,,,,,,,,,,,,,,,,,,,,,,,,,,,,,,,,,,,,,,,,,,,,,,,,,,,,,,,,,,,,,,,,,,
R153,,,,,,,,,,,,,,,,,,,,,,,,,,,,,,,,,,,,,,,,,,,,,,,,,,,,,,,,,,,,,,,,,,,,,,,,,,,,,,,,,,,,,,,,,,,,,,,,,,,,,,,,,,,,,,,,,,,,,,,,,,,,,,,,,,,,,,,,,,,,,,,,,,,,,,,,,,,,,,,,,,,,,,,,,,,,,,,,,,,,,,,,,,,,,,,,,,,,,,,,,,,,,,,,,,,,,,,,,,,,,,,,,,,,,,
R154,,,,,,,,,,,,,,,,,,,,,,,,,,,,,,,,,,,,,,,,,,,,,,,,,,,,,,,,,,,,,,,,,,,,,,,,,,,,,,,,,,,,,,,,,,,,,,,,,,,,,,,,,,,,,,,,,,,,,,,,,,,,,,,,,,,,,,,,,,,,,,,,,,,,,,,,,,,,,,,,,,,,,,,,,,,,,,,,,,,,,,,,,,,,,,,,,,,,,,,,,,,,,,,,,,,,,,,,,,,,,,,,,,,,,,
R155,,,,,,,,,,,,,,,,,,,,,,,,,,,,,,,,,,,,,,,,,,,,,,,,,,,,,,,,,,,,,,,,,,,,,,,,,,,,,,,,,,,,,,,,,,,,,,,,,,,,,,,,,,,,,,,,,,,,,,,,,,,,,,,,,,,,,,,,,,,,,,,,,,,,,,,,,,,,,,,,,,,,,,,,,,,,,,,,,,,,,,,,,,,,,,,,,,,,,,,,,,,,,,,,,,,,,,,,,,,,,,,,,,,,,,
R156,,,,,,,,,,,,,,,,,,,,,,,,,,,,,,,,,,,,,,,,,,,,,,,,,,,,,,,,,,,,,,,,,,,,,,,,,,,,,,,,,,,,,,,,,,,,,,,,,,,,,,,,,,,,,,,,,,,,,,,,,,,,,,,,,,,,,,,,,,,,,,,,,,,,,,,,,,,,,,,,,,,,,,,,,,,,,,,,,,,,,,,,,,,,,,,,,,,,,,,,,,,,,,,,,,,,,,,,,,,,,,,,,,,,,,
R157,,,,,,,,,,,,,,,,,,,,,,,,,,,,,,,,,,,,,,,,,,,,,,,,,,,,,,,,,,,,,,,,,,,,,,,,,,,,,,,,,,,,,,,,,,,,,,,,,,,,,,,,,,,,,,,,,,,,,,,,,,,,,,,,,,,,,,,,,,,,,,,,,,,,,,,,,,,,,,,,,,,,,,,,,,,,,,,,,,,,,,,,,,,,,,,,,,,,,,,,,,,,,,,,,,,,,,,,,,,,,,,,,,,,,,
R158,,,,,,,,,,,,,,,,,,,,,,,,,,,,,,,,,,,,,,,,,,,,,,,,,,,,,,,,,,,,,,,,,,,,,,,,,,,,,,,,,,,,,,,,,,,,,,,,,,,,,,,,,,,,,,,,,,,,,,,,,,,,,,,,,,,,,,,,,,,,,,,,,,,,,,,,,,,,,,,,,,,,,,,,,,,,,,,,,,,,,,,,,,,,,,,,,,,,,,,,,,,,,,,,,,,,,,,,,,,,,,,,,,,,,,
R159,,,,,,,,,,,,,,,,,,,,,,,,,,,,,,,,,,,,,,,,,,,,,,,,,,,,,,,,,,,,,,,,,,,,,,,,,,,,,,,,,,,,,,*/kˌɑe̯sju̯ˈelɑ/,,,,,,,,,,,,,,,,,,,,,,,,,,,,,,,,,,,,,,,,,,,,,,,,,,,,,,,,,,,,,,,,,,,,,,,,,,,,,,,,,,,,,,,,,,,,,,,,,,,,,,,,,,,,,,,,,,,,,,,,,,,,,,,,,,,,,,,,,,,,,,,,
R160,,,,,,,,,,,,,,,,,,,,,,,,,,,,,,,,,,,,,,,,,,,,,,,,,,,,,,,,,,,,,,,,,,,,,,,,,,,,,,,,,,,,,,,,,,,,,,,,,,,,,,,,,,,,,,,,,,,,,,,,,,,,,,,,,,,,,,,,,,,,,,,,,,,,,,,,,,,,,,,,,,,,,,,,,,,,,,,,,,,,,,,,,,,,,,,,,,,,,,,,,,,,,,,,,,,,,,,,,,,,,,,,,,,,,,
R161,,,,,,,,,,,,,,,,,,,,,,,,,,,,,,,,,,,,,,,,,,,,,,,,,,,,,,,,,,,,,,,,,,,,,,,,,,,,,,,,,,,,,,,,,,,,,,,,,,,,,,,,,,,,,,,,,,,,,,,,,,,,,,,,,,,,,,,,,,,,,,,,,,,,,,,,,,,,,,,,,,,,,,,,,,,,,,,,,,,,,,,,,,,,,,,,,,,,,,,,,,,,,,,,,,,,,,,,,,,,,,,,,,,,,,
R162,,,,,,,,,,,,,,,,,,,,,,,,,,,,,,,,,,,,,,,,,,,,,,,,,,,,,,,,,,,,,,,,,,,,,,,,,,,,,,,,,,,,,,,,,,,,,,,,,,,,,,,,,,,,,,,,,,,,,,,,,,,,,,,,,,,,,,,,,,,,,,,,,,,,,,,,,,,,,,,,,,,,,,,,,,,,,,,,,,,,,,,,,,,,,,,,,,,,,,,,,,,,,,,,,,,,,,,,,,,,,,,,,,,,,,
R163,,,,,,,,,,,,,,,,,,,,,,,,,,,,,,,,,,,,,,,,,,,,,,,,,,,,,,,,,,,,,,,,,,,,,,,,,,,,,,,,,,,,,,*/kˌɑjsu̯ˈelɑ/,,,,,,,,,,,,,,,,,,,,,,,,,,,,,,,,,,,,,,,,,,,,,,,,,,,,,,,,,,,,,,,,,,,,,,,,,,,,,,,,,,,,,,,,,,,,,,,,,,,,,,,,,,,,,,,,,,,,,,,,,,,,,,,,,,,,,,,,,,,,,,,,
R164,,,,,,,,,,,,,,,,,*/ðˌespˈejt͡ʃo/,,*/ðˌejt͡ʃˈɑd̪o/,,,*/ɸɾˈijt͡ʃo/,,*/ɸɾˈujt͡ʃo/,,*/ɸɾˌijʃju̯ˈelo/,,*/ɸˈijt͡ʃo/,,,,,,,,*/ɸˌejt͡ʃˈid͡zo/,*/ɸˌejt͡ʃˈuɾɑ/,,,,,,,,,,,,,,,,,,,*/kˈojʃo/,,,,,,,,,,,,,,*/kˌun̪d̪ˈujt͡ʃo/,,,*/kˌun̪t̪ɾˈejt͡ʃo/,,,,,,,,,,,,,*/kˌɑjʃu̯ˈelɑ/,,,,,,,,,*/lˈejt͡ʃe/,,,,,,,,,,,,,,,,,,,,,,,,,,,,,,,,,,,,,,,,,,,*/pˌujʃˈɑɾe/,,,,,,,,,,,,,,,,,,,,,,,,,,,,,,,,,,*/t̪ˌejʃˈon̪e/,*/ɣʷˌejʃˈiɡɑ/,,*/ɣʷˈijt͡ʃo/,,,,,,,,,,,,,,*/ˈejʃe/,,,,,,*/ˌejʃˈid̪o/,,,,,,,,,,,,*/ˌɑɸɾˈejt͡ʃo/,,,,,,,,,,,,,,,,,,,,,,,
R165,,,,,,,,,,,,,,,,,,,,,,,,,,,,,,,,,,,,,,,,,,,,,,,,,,,,,,,,,,,,,,,,,,,,,,,,,,,,,,,,,,,,,,,,,,,,,,,,,,,,,,,,,,,,,,,,,,,,,,,,,,,,,,,,,,,,,,,,,,,,,,,,,,,,,,,,,,,,,,,,,,,,,,,,,,,,,,,,,,,,,,,,,,,,,,,,,,,,,,,,,,,,,,,,,,,,,,,,,,,,,,,,,,,,,,
R166,,,,,*/βˈeːɡɑ/,,*/βˈeːzo/,,,*/βˌorˈeːn̪e/,,,,,,,*/ðˌespˈeːt͡ʃo/,,*/ðˌeːt͡ʃˈɑd̪o/,,,*/ɸɾˈiːt͡ʃo/,,,,*/ɸɾˌiːʃju̯ˈelo/,,*/ɸˈiːt͡ʃo/,,,,,,,*/ɸˈoːt͡se/,*/ɸˌeːt͡ʃˈid͡zo/,*/ɸˌeːt͡ʃˈuɾɑ/,,,,,,,,,,,,,,,,,,,,,,,,,*/kˈoːzɑ/,,,,,,,,,,,*/kˌun̪t̪ɾˈeːt͡ʃo/,,,,,,,,,,,,*/kˌɑbɾˈeːɾo/,,,,,*/kˌeːzˈeːɾo/,,,,,*/lˈeːt͡ʃe/,,*/lˈoːt͡sɑ/,,*/lˈeː/,,,,,,,,,*/mˌeːzn̪ˈɑd̪ɑ/,,,,,,,*/mˌɑd̪ˈeːɾɑ/,,,,,,,,,,,,,,,,*/pˈoːko/,,,*/pˌeːt̪ɾˈɑle/,,,,,,,,,,,,,,,,,,,,,,,*/sˈoːt̪o/,,*/sˈeːpɑ/,,,,,,,,,,,,,*/t̪ˌeːʃˈon̪e/,*/ɣʷˌeːʃˈiɡɑ/,,*/ɣʷˈiːt͡ʃo/,,*/ɣʷˌeːɾu̯ˈelɑ/,,,,,,,,,,,,*/ˈeːʃe/,,,*/ˈeːɾɑ/,*/ˌoːjˈeso/,*/ˈoːɾʝˈɑɾe/,*/ˌeːʃˈid̪o/,,,,,*/ˌen̪t̪ˈeːɾo/,,,,,,,*/ˌɑɸɾˈeːt͡ʃo/,,,,,*/ˌoːt̪ˈeːɾo/,,,,,,*/ˌɑpˈeːɾo/,,*/ˌɑɾkˈeːɾo/,*/ˌɑɾmˈeːɾo/,,*/ˌɑzn̪ˈeːɾo/,,,,*/ˌoːt̪ˈoɲo/,,,
R167,,,,,*/βˈeɡɑ/,,*/βˈezo/,,,*/βˌorˈen̪e/,,,,,,,*/ðˌespˈet͡ʃo/,,*/ðˌet͡ʃˈɑd̪o/,,,*/ɸɾˈit͡ʃo/,,,,*/ɸɾˌiʃju̯ˈelo/,,*/ɸˈit͡ʃo/,,,,,,,*/ɸˈot͡se/,*/ɸˌet͡ʃˈid͡zo/,*/ɸˌet͡ʃˈuɾɑ/,,,,,,,,,,,,,,,,,,,,,,,,,*/kˈozɑ/,,,,,,,,,,,*/kˌun̪t̪ɾˈet͡ʃo/,,,,,,,,,,,,*/kˌɑbɾˈeɾo/,,,,,*/kˌezˈeɾo/,,,,,*/lˈet͡ʃe/,,*/lˈot͡sɑ/,,*/lˈe/,,,,,,,,,*/mˌezn̪ˈɑd̪ɑ/,,,,,,,*/mˌɑd̪ˈeɾɑ/,,,,,,,,,,,,,,,,*/pˈoko/,,,*/pˌet̪ɾˈɑle/,,,,,,,,,,,,,,,,,,,,,,,*/sˈot̪o/,,*/sˈepɑ/,,,,,,,,,,,,,*/t̪ˌeʃˈon̪e/,*/ɣʷˌeʃˈiɡɑ/,,*/ɣʷˈit͡ʃo/,,*/ɣʷˌeɾu̯ˈelɑ/,,,,,,,,,,,,*/ˈeʃe/,,,*/ˈeɾɑ/,*/ˌojˈeso/,*/ˈoɾʝˈɑɾe/,*/ˌeʃˈid̪o/,,,,,*/ˌen̪t̪ˈeɾo/,,,,,,,*/ˌɑɸɾˈet͡ʃo/,,,,,*/ˌot̪ˈeɾo/,,,,,,*/ˌɑpˈeɾo/,,*/ˌɑɾkˈeɾo/,*/ˌɑɾmˈeɾo/,,*/ˌɑzn̪ˈeɾo/,,,,*/ˌot̪ˈoɲo/,,,
R168,,,,,,,,,,,,,,,,,,,,,,,,,,,,,,,,,,,,,,,,,,,,,,,,,,,,,,,,,,,,,,,,,,,,,,,,,,,,,,,,,,,,,,,,,,,,,,,,,,,,,,,,,,,,,,,,,,,,,,,,,,,,,,,,,,,,,,,,,,,,,,,,,,,,,,,,,,,,,,,,,,,,,,,,,,,,,,,,,,,,,,,,,,,,,,,,,,,,,,,,,,,,,,,,,,,,,,,,,,,,,,,,,,,,,,
R169,,,,,,,,,,,,,,,,,,,,,,,,,,,,,,,,,,,,,,,,,,,,,,,,,,,,,,,,,,,,,,,,,,,,,,,,,,,,,,,,,,,,,,,,,,,,,,,,,,,,,,,,,,,,,,,,,,,,,,,,,,,,,,,,,,,,,,,,,,,*/pˈolo/,,,,,,,,,,,,,,,,,,,,,,,,,,,,,,,,,,,,,,,,,,,,,,,,,,,,,,,,,,,,,,,,,*/ˌɑðˌoɡɑd̪ˈoɾe/,,,,,,,,,,,,,,,,,,,,,,,,,,
R170,,,,,,,,,,,,,,,,,,,,,,,,,,,,,,,,,,,,,,,,,,,,,,,,,,,,,,,,,,,,,,,,,,,,,,,,,,,,,,,,,,,,,,,,,,,,,,,,,,,,,,,,,,,,,,,,,,,,,,,,,,,,,,,,,,,,,,,,,,,,,,,,,,,,,,,,,,,,,,,,,,,,,,,,,,,,,,,,,,,,,,,,,,,,,,,,,,,,,,,,,,,,,,,,,,,,,,,,,,,,,,,,,,,,,,
R171,,,,,,,,,,,,,,,,,,,,,,,,,,*/ɸɾˌiʃu̯ˈelo/,,,,,,,,,,,,,,,,,,,,,,,,,,,,,,,,,,,,,,,,,,,,,,,,,,,,,,,,,,,,,,,,,,,,,,,,,,,,,,,,,,,,,,,,,,,,,,,,,,,,,,,,,,,,,,,,,,,,,,,,,,,,,,,,,,,,,,,,,,,,,,,,,,,,,,,,,,,,,,,,,,,,,,,,,,,,,,,,,,,,,,,,,,,,,,,,,,,,,,,,,,,,
R172,,,,,,,,,,,,,,,,,,,,,,,,,,,,,,,,,,,,,,,,,,,,,,,,,,,,,,,,,,,,,,,,,,,,,,,,,,,,,,,,,,,,,,,,,,,,,,,,,,,,,,,,,,,,,,,,,,,,,,,,,,,,,,,,,,,,,,,,,,,,,,,,,,,,,,,,,,,,,,,,,,,,,,,,,,,,,,,,,,,,,,,,,,,,,,,,,,,,,,,,,,,,,,,,,,,,,,,,,,,,,,,,,,,,,,
R173,,,,,,,,,,,,,,,,,,,,,,,,*/ɸɾˈut͡ʃo/,,,,,,,,,,,,,,,,,,,,,,,,,,,,,,,,*/kˈoʃo/,,,,,,,,,,,,,,*/kˌun̪d̪ˈut͡ʃo/,,,,,,,,,,,,,,,,*/kˌɑʃu̯ˈelɑ/,,,,,,,,,,,,,,,,,,,,,,,,,,,,,,,,,,,,,,,,,,,,,,,,,,,,*/pˌuʃˈɑɾe/,,,,,,,,,,,,,,,,,,,,,,,,,,,,,,,,,,,,,,,,,,,,,,,,,,,,,,,,,,,,,,,,,,,,,,,,,,,,,,,,,,,,,,,,,,,,
R174,,,,,,,,,,,,,,,,,,,,,,,,,,,,,,,,,,,,,,,,,,,,,,,,,,,,,,,,,,,,,,,,,,,,,,,,,,,,,,,,,,,,,,,,,,,,,,,,,,,,,,,,,,,,,,,,,,,,,,,,,,,,,,,,,,,,,,,,,,,,,,,,,,,,,,,,,,,,,,,,,,,,,,,,,,,,,,,,,,,,,,,,,,,,,,,,,,,,,,,,,,,,,,,,,,,,,,,,,,,,,,,,,,,,,,
R175,,,,,,,,,,,,,,,,,,,,,,,,,,,,,,,,,,,,,,,,,,,,,,,,,,,,,,,,,,,,,,,,,,,,,,,,,,,,,,,,,,,,,,,,,,,,,,,,,,,,,,,,,,,,,,,,,,,,,,,,,,,,,,,,,,,,,,,,,,,,,,,,,,,,,,,,,,,,,,,,,,,,,,,,,,,,,,,,,,,,,,,,,,,,,,,,,,,,,,,,,,,,,,,,,,,,,,,,,,,,,,,,,,,,,,
R176,,,,,,,,,,,,,,,,,,,,,,,,,,,,,,,,,,,,,,,,,,,,,,,,,,,,,,,,,,,,,,,,,,,,,,,,,,,,,,,,,,,,,,,,,,,,*/kˌɑn̪d̪ˈɑd̪o/,,,,,,,,,,,,,,,,,,,,,,,,,,,,,,,,,,,,,,,,,,,,,,,,,,,,,,,,,,,,,,,,,,,,,,,,,,,,,,,,,,,,,,,,,,,,,,,,,,,,,,,,,,,,,,,,,,,,,,,,,,,,,,,,,,,,,,,,,,
R177,,,,,,,,,,,,,,,,,,,,,,,,,,,,,,,,,,,,,,,,,,,,,,,,,,,,,,,,,,,,,,,,,,,,,,,,,,,,,,,,,,,,,,,,,,,,,,,,,,,,,,,,,,,,,,,,,,,,,,,,,,,,,,,,,,,,,,,,,,,,,,,,,,,,,,,,,,,,,,,,,,,,,,,,,,,,,,,,,,,,,,,,,,,,,,,,,,,,,,,,,,,,,,,,,,,,,,,,,,,,,,,,,,,,,,
R178,,,,,,,,,,,,,,,,,,,,,,,,,,,,,,,,,,,,,,,,,,,,,,,,,,,,,,,,,,,,,,,,,,,,,,,,,,,,,,,,,,,,,,,,,,,,,,,,,,,,,,,,,,,,,,,,,,,,,,,,,,,,,,,,,,,,,,,,,,,,,,,,,,,,,,,,,,,,,,,,,,,,,,,,,,,,,,,,,,,,,,,,,,,,,,,,,,,,,,,,,,,,,,,,,,,,,,,,,,,,,,,,,,,,,,
R179,,,,,,,,,,,,,,,,,,,,,,,,,,,,,,,,,,,,,,,,,,,,,,,,,,,,,,,,,,,,,,,,,,,,,,,,,,,,,,,,,,,,,,,,,,,,,,,,,,,,,,,,,,,,,,,,,,,,,,,,,,,,,,,,,,,,,,,,,,,,,,,,,,,,,,,,,,,,,,,,,,,,,,,,,,,,,,,,,,,,,,,,,,,,,,,,,,,,,,,,,,,,,,,,,,,,,,,,,,,,,,,,,,,,,,
R180,,,,,,,,,,,,,,,,,,,,,,,,,,,,,,,,,,,,,,,,,,,,,,,,,,,,,,,,,,,,,,,,,,,,,,,,,,,,,,,,,,,,,,,,,,,,,,,,,,,,,,,,,,,,,,,,,,,,,,,,,,,,,,,,,,,,,,,,,,,,,,,,,,,,,,,,,,,,,,,,,,,,,,,,,,,,,,,,,,,,,,,,,,,,,,,,,,,,,,,,,,,,,,,,,,,,,,,,,,,,,,,,,,,,,,
R181,,,,,,,,,,,,,,,,,,,,,,,,,,,,,,,,,,,,,,,,,,,,,,,,,,,,,,,,,,,,,,,,,,,,,,,,,,,,,,,,,,,,,,,,,,,,,,,,,,,,,,,,,,,,,,,,,,,,,,,,,,,,,,,,,,,,,,,,,,,,,,,,,,,,,,,,,,,,,,,,,,,,,,,,,,,,,,,,,,,,,,,,,,,,,,,,,,,,,,,,,,,,,,,,,,,,,,,,,,,,,,,,,,,,,,
R182,,,,,,,,,,,,,,,,,,,,,,,,,,,,,,,,,,,,,,,,,,,,,,,,,,,,,,,,,,,,,,,,,,,,,,,,,,,,,,,,,,,,,,,,,,,,,,,,,,,,,,,,,,,,,,,,,,,,,,,,,,,,,,,,,,,,,,,,,,,,,,,,,,,,,,,,,,,,,,,,,,,,,,,,,,,,,,,,,,,,,,,,,,,,,,,,,,,,,,,,,,,,,,,,,,,,,,,,,,,,,,,,,,,,,,
R183,,,,,,,,,,,,,,,,,,,,,,,,,,,,,,,,,,,,,,,,,,,,,,,,,,,,,,,,,*/kwˈeɾo/,,,,,,,,,,,,,,,,,,,,,,,,,,,,,,,,,,,,,,,,,,,,,,,*/mwˈeɾɑ/,,,,,,,,,,,,,,,,,,,,,,,,,,,,,,,,,,,,,,,,,,,,,,,,,,,,,,,,,,,,,,,,,,,,,,,,*/ɣʷwˈit̪ɾe/,,,,,,,,,,,,,,,,,,,,,,,,,,,,,,,,,,,,,,,,,,,,,,,,,,,,*/ˌɑɣʷwˈeɾo/,,
R184,*/βlˌɑn̪ðˈed͡zɑ/,,,,*/βˈeɣɑ/,,,,,,,,,*/ðˌed͡zjˈemβɾe/,,*/ðˌeβðˈoɾe/,,,*/ðˌet͡ʃˈɑðo/,*/ðˌomˈiŋɣo/,,,,,,,,,,,,,,,,,,*/ɸˌɑmˈelɣo/,,,,,,,,,,*/ku̯ˈin̪ðed͡ze/,*/ku̯ˈɑn̪ðo/,,,,*/ku̯jˈeðˈɑɾe/,,,,,*/kˈoβðo/,,,,,,*/t͡sˌenɾˈɑðɑ/,,,,,*/kˌompˈɑŋɣo/,*/kˌun̪ðˈut͡ʃo/,,,,,,,,,*/kˌoβjˈeɾt̪o/,*/kˌuʝðˈɑɾe/,,*/kˌɑβeʎɑðˈuɾɑ/,*/kˌɑβðjˈeʎo/,,*/kˌɑβɾˈeɾo/,,,*/kˌɑβˈed͡zɑ/,*/kˌɑrɣˈɑɾe/,,,*/kˌɑn̪ðˈɑðo/,,,,,,,,*/lˌiðjˈɑɾe/,,*/lˌumβɾˈid͡ze/,*/lˌɑɣu̯jˈɑɾe/,,,,,*/mˌezn̪ˈɑðɑ/,,,,,,*/mˌɑʒˈɑðɑ/,*/mˌɑðˈeɾɑ/,,,,,*/ʎˌeɣˈɑɾe/,,*/pɾˌimˈɑðɣo/,*/pjˈeɾðeðɑ/,*/pˈeðɾɲo/,,,,,*/pˈulɣɑ/,,,*/pˌeðˈuɣo/,,,*/pˌeʎɣˈɑɾe/,,,,,,*/pˌɑɾðˈin̪ɑs/,,,*/ɾˈɑβɑn̪o/,*/ɾˌed͡zðˈɑɾe/,*/ɾu̯ˈiðo/,,*/sˈen̪ðɑ/,,,,,,,,,,*/sˈɑŋɣu̯en̪e/,,*/sˌeɣu̯jˈen̪t̪e/,,,*/sˌuβˈeɾβjɑ/,,,,*/t̪ˈeβjo/,,,,,,*/ɣʷˌeʃˈiɣɑ/,,,,,,*/lˈɑn̪ðe/,*/ɣɾjˈeɣo/,,,,,,,,,,*/ˈɑn̪ðes/,,,,,*/ˌeʃˈiðo/,,*/ˌen̪ðˈeʒɑ/,,*/ˌinlˈɑɣu̯jɑ/,,,,*/ˌɑβˈɑðe/,*/ˌɑðˌoɣɑðˈoɾe/,,,,*/ˌɑkˌoβðˈɑɾe/,,*/ˌɑɣu̯ˈɑd͡zɑ/,,,*/ˌɑlɑðjˈeɾn̪o/,,*/ˌɑmˈɑɾɣo/,,*/ˌɑn̪ɑðˈeʒɑ/,,*/ˌɑβˈeʒɑ/,,,,,,,*/ˌɑs̪t̪ˈoɾɣɑ/,,,,
R185,,,,,,,,,,,,,,,,,,,,,,,,,,,,,,,,,,,,,,,,,,,,,,,,,,,,,,,,,,,,,,,,,,,,,,,,,,,,,,,,,,,,,,,,,,,,,,,,,,,,,,,,,,,,,,,,,,,,,,,,,,,,,,,,,,,,,,,,,,,,,,,,,,,,,,,,,,,,,,,,,,,,,,,,,,,,,,,,,,,,,,,,,,,,,,,,,,,,,,,,,,,,,,,,,,,,,,,,,,,,,,,,,,,,,,
R186,,,,,,,,,,,,,,,,,,,,,,,,,,,,,,,,,,*/ɸˈɑd͡z/,*/ɸˈot͡s/,,,,,,,,,,,,,*/ku̯ˈin̪ðed͡z/,,,,,,,,,,,,,,,,,,,,,,,,,,,,,,,,,,,,,,,,,,,,,,,,,,,,,,*/lˌumβɾˈid͡z/,,,,,,,,,,,,,,,,,,,,,,,,,,,,,,,,,,,,,,,,,,,,,,,,,,,,,,,,,,,,,,,,,,,,,,,,,,,,,,,,,,,,,,,,,,,,,,,,,,,,,,,,,,,,,,,,,,,,,,,,,,,,,,,,*/ˌɑβˈɑd͡z/
R187,,,,,,,,,,,,,,,,*/ðˌeβðˈoɾ/,,*/ðˌezˌɑŋʒn̪ˈɑɾ/,,,,,,,,,,,,,,,,,,,,,,,,,*/ʝˌɑd͡zˈeɾ/,,,*/kɾˌest͡sˈeɾ/,*/kɾjˈɑɾ/,,,,,*/ku̯ˌeɾˈeɾ/,*/ku̯jˈeðˈɑɾ/,,,,,,,,,,,,,,*/kˌompɾˈɑɾ/,*/kˌompt̪ˈɑɾ/,,,*/kˌos̪t̪ˈɑɾ/,,,,,,,,,*/kˌuʝðˈɑɾ/,,,,,,,*/kˌɑt͡sˈɑɾ/,,*/kˌɑrɣˈɑɾ/,,,,,,,,,,,*/lˌiðjˈɑɾ/,,,*/lˌɑɣu̯jˈɑɾ/,,,,,,,*/mˌenɾˈɑɾ/,,*/mˌoskˈɑɾ/,,,,,,,,*/ʎˌeɣˈɑɾ/,,,,,,,,,,,,,*/pjˈoɾ/,,*/pˌeʎɣˈɑɾ/,,,*/pˌuʃˈɑɾ/,,,,,,,*/ɾˌed͡zðˈɑɾ/,,*/ɾˌɑskˈɑɾ/,,,,,,,,,,,,,,,*/sˌolu̯ˈeɾ/,,,,*/t̪ɾˌen̪d͡zˈɑɾ/,,,,,,,,,,,,,,,,,,,,,,,,,,,,*/ˈoɾʝˈɑɾ/,,,,,,,,*/ˌɑβɾˌɑd͡zˈɑɾ/,,*/ˌɑðˌoɣɑðˈoɾ/,,,,*/ˌɑkˌoβðˈɑɾ/,*/ˌɑkˌɑt̪ˈɑɾ/,,,,,,,,,,,,,,,,,,,,,
R188,,,,,,,,,,*/βˌorˈen̪/,,,,,,,,,,,,,,,,,,,,,,,,,,,,,,,*/ˌospt̪ˈɑl/,,,,,,,,,,*/ku̯ˈɑl/,,,,,,,,,,,,,,,,,,,,,,,,,,,,,,,,,,,,,,,,,,,,,,,,,,,,,,,,,,,,,,,,,,,,,,,,,,,,,,,,,,,*/pˌet̪ɾˈɑl/,,,,,,,,,,,,,,,,,,,,,,,,*/sˈɑŋɣu̯en̪/,,,,,,,,,,,,,,*/t̪ˌeʃˈon̪/,,,,,,,,,,,,,,,,,,,,,,,,,,,,,,,*/ˌɑβˈɑð/,,,,,,,,,,,,,,,,,,,,,,,,,,,
R189,,,,,,,,,,,,,,,,,,,,,,,,,,,,,,,,,,,,,,,,,,,,,,,,,,,,,,,,,,,,,,,,,,,,,,,,,,,,,,,,,,,,,,,,,,,,,,,,,,,,,,,,,,,,,,,,,,,,,,,,,,,,,,,,,,,,,,,,,,,,,,,,,,,,,,,,,,,,,,,,,,,,,,,,,,,,,,,,,,,,,,,,,,,,,,,,,,,,,,,,,,,,,,,,,,,,,,,,,,,,,,,,,,,,,,
R190,,,,,,,,,,,,,,*/ðˌid͡zjˈemβɾe/,,,,,,,,,,,,,,,,,,,,,,,,,,,,,,,,,,,,,,,,,,,,,,,,,*/t͡sˌimjˈen̪t̪o/,,,*/kˌulu̯ˈeβɾɑ/,,,,,,,,,,,,,*/kˌuβjˈeɾt̪o/,,,,,,,,,,,,,,,,,,,,,,*/lˌud͡zjˈeʎo/,,,,,,,,,,,,,,,,,,,,,,,,,,,,,,,,,,,,*/pˌuljˈen̪t̪ɑ/,,,,,,,,,,,,,,,,,,,,,,,*/sˌiɣu̯jˈen̪t̪e/,,*/sˌulu̯ˈeɾ/,,,,,*/t̪ˈiβjo/,,,,,,,,,,*/ɣʷˌiɾu̯ˈelɑ/,,,,,,,,,,,,,,,,,,,,,,,,,,,,,,,,,,,,,,,,,,,,,,,,,,,,,
R191,,,,,,,,,,,,,,,,,,,,,,,,,,,,,,,,,,,,,,,,,,,,,,,,,,,,,,,,,,,,,,,,,,,,,,,,,,,,,,,,,,,,,,,,,,,,,,,,,,,,,,,,,,,,,,,,,,,,,,,,,,,,,,,,,,,,,,,,,,,,,,,,,,,,,,,,,,,,,,,,,,,,,,,,,,,,,,,,,,,,,,,,,,,,,,,,,,,,,,,,,,,,,,,,,,,,,,,,,,,,,,,,,,,,,,
R192,,,,,,,,,,,,,,,,,,,,,,,,,,,,,,,,,,,,,,,,,,,,,,,,,,,,,,,,,,,,,,,,,,,,,,,,,,,*/kˌorˈiɑ/,,,,,,,,,,,,,,,,,,,,,,,,,,,,,,,,,,,,,,,,,,,,,,,,,,,,,,,,,,,,,,,,,*/pˌolˈio/,,,,,,,,,,,,,,,,,,,,,,,,,,,,,,,,,,,,,,,,,,,,,,,,,,,,,,,,,,,,,,,,,,,,,,,,,,,,,,,,,,,,,,,,,,
R193,,,,,,,,,,,,,,,,,,,,,,,,,,,,,,,,,,,,,,,,,,,,,,*/kɾˌet͡sˈeɾ/,,,,,,,,,,,,,,,,,,,,,,,,,,,,,,,,,,,,,,,,,,,,,,,,,,,,,,,,,,,,,,,*/mˈɑt͡ʃo/,,,,,,,,,,,,,,,,,,,,,,,,,,,,,,,,,,,,,,,,,,,,,,,,,,,,,,,,,,,,,,,,,,,,,,,,,,,,,,,,,,,,,,,,,,,,,,,,,,,,,,,,,,,,,,,,,,,*/ˌɑt͡su̯ˈelɑ/,,,,,,
R194,,,,,,,,,,,,,,,,,,,,,,,,,,,,,,,,,,,,,,,,,,,,,,,,,,,,,,,,,,,,,,,,,,,,,,,,,,,,,,,,,,,,,,,,,,,,,,,,,,,,,,,,,,,,,,,,,,,,,,,,,,,,,,,,,,,,,,,,,,,,,,,,,*/ɾˌed͡zˈɑɾ/,,,,,,,,,,,,,,,,,,,,,,,,,,,,,,,,,,,,,,,,,,,,,,,,,,,,,,,,,,,,,,,,,,,,,,,,,,,,,,,,,,,,,
R195,,,,,,,,,,,,,,,,,,,,,,,,,,,,,,,,,,,,,,,,,,,,,,,,,,,,,,,,,,,,,,,,,,,,,,,,,,,,,,,,,,,,,,,,,,,,,,,,,,,,,,,,,,,,,,,,,,,,,,,,,,,,,,,,,,,,,,,,,,,,,,,,,,,,,,,,,,,,,,,,,,,,,,,,,,,,,,,,,,,,,,,,,,,,,,,,,,,,,,,,,,,,,,,,,,,,,,,,,,,,,,,,,,,,,,
R196,,,,,,,,,,,,,,,,,,,,,,,,,,,,,,,,,,,,,,,,,,,,,,,,,,,,,,,,,,,,,,,,,,,,,,,,,,,,,,,,,,,,,,,,,,,,,,,,,,,,,,,,,,,,,,,,,,,,,,,,,,,,,,,,,,,,,,,,,,,,,,,,,,,,,,,,,,,,,,,,,,,,,,,,,,,,,,,,,,,,,,,,,,,,,,,,,,,,,,,,,,,,,,,,,,,,,,,,,,,,,,,,,,,,,,
R197,,,,,,,,,,,,,,,,,,,,,,,*/ɸɾˈen̪t̪e/,,,,,,,,,,,,,,,,,,,,,,,,,,,,,,,,,,,,,,,,,,,*/kˌulˈeβɾɑ/,,,,,,,,,,,,,,,,,,,,,,,,,,,,,,,,,,,,,,,,,,,,,,,,,,,,,,,,,,,,,,,,,,,,,,,,,,,,,,,,,,,,,,,,,,,,,,,,*/sˌulˈeɾ/,,,,,,,,,,,,,,,,,,,,,,,,,,,,,,,,,,,,,,,,,,,,*/ˌɑɸɾˈen̪t̪ɑ/,,,,,,,,,,,,,,,,,,,,,,,,
R198,,,,,,,,,,,,,,,,,,,,,,,,,,,,*/hˈit͡ʃo/,*/hˈiʒo/,*/hˈoʒɑ/,,,*/hˈoɾn̪ɑd͡zo/,*/hˈɑd͡z/,*/hˈot͡s/,*/hˌet͡ʃˈid͡zo/,*/hˌet͡ʃˈuɾɑ/,*/hˌɑmˈelɣo/,*/hˌɑɾˈin̪ɑ/,*/hˌɑs̪t̪ˈio/,,,,,,,,,,,,,,,,,,,,,,,,,,,,,,,,,,,,,,,,,,,,,,,,,,,,,,,,,,,,,,,,,,,,,,,,,,,,,,,,,,,,,,,,,,,,,,,,,,,,,,,,,,,,,,,,,,,,,,,,,,,,,,,,,,,,,,,,,,,,,,,,,,,,,,,,,,,,,,,,,,,,,,,,,,,,,,,,,,,,,,,,,,,,,,
R199,,,,,,,,,,,,,,,,,,,,,,*/fɾˈit͡ʃo/,*/fɾˈen̪t̪e/,*/fɾˈut͡ʃo/,*/fɾˈɑzn̪o/,*/fɾˌiʃu̯ˈelo/,*/fjˈeβɾe/,,,,*/fu̯ˈen̪t̪e/,*/fu̯ˈeɾt͡sɑ/,,,,,,,,,,,,,,,,,,,,,,,,,,,,,,,,,,,,,,,,,,,,,,,,,,,,,,,,,,,,,,,,,,,,,,,,,,,,,,,,,,,,,,,,,,,,,,,,,,,,,,,,,,,,,,,,,,,,,,,,,,,,,,,,,,,,,,,,,,,,,,,,,,,,,,,,,,,,,,,,,,,,,,,,,,,,,,*/ˌɑfɾˈen̪t̪ɑ/,*/ˌɑfɾˈet͡ʃo/,,,,,,,,,,,,,,,,,,,,,,,
R200,,,,,,,,,,,,,,,,,,,,,,,,,,,,*/ˈit͡ʃo/,*/ˈiʒo/,*/ˈoʒɑ/,,,*/ˈoɾn̪ɑd͡zo/,*/ˈɑd͡z/,*/ˈot͡s/,*/ˌet͡ʃˈid͡zo/,*/ˌet͡ʃˈuɾɑ/,*/ˌɑmˈelɣo/,*/ˌɑɾˈin̪ɑ/,*/ˌɑs̪t̪ˈio/,,,,,,,,,,,,,,,,,,,,,,,,,,,,,,,,,,,,,,,,,,,,,,,,,,,,,,,,,,,,,,,,,,,,,,,,,,,,,,,,,,,,,,,,,,,,,,,,,,,,,,,,,,,,,,,,,,,,,,,,,,,,,,,,,,,,,,,,,,,,,,,,,,,,,,,,,,,,,,,,,,,,,,,,,,,,,,,,,,,,,,,,,,,,,,
R201,,,,,,,,,,,*/βˌɑɾβjˈiʎɑ/,,,,,,,,,,,,,,,,,,,,,,,,,,,,,,,,,,,,,,,,,,,,,,,,,,,,,,,,,,,,,,,,,,,,,,,,*/kˌɑβðjˈiʎo/,*/kˌɑpjˈiʎɑ/,,,,,,,*/kˌɑs̪t̪jˈiʎo/,,,,,,,,,,*/lˌud͡zjˈiʎo/,,,,,,,,,,,,,,,,,,,,,,,,,,,,,,,,,,,,,,,,,,,,,,,,,,*/sjˈiʎɑ/,,,,,,,,,,,,,,,,,,,,,,,,,,,,,,,,,,,,,,,,,,,,,,,,,,,,,,,,,,,,,,,*/ˌɑmɑɾjˈiʎo/,,,,,,,,,,,*/ˌɑs̪t̪jˈiʎɑ/,,,,,
R202,,,,,,,,,,,,,,,,,,,,,,,,,,,,,,,,,,,,,,,,,,,,,,,,,,,,,,,,,,,,,,,,,,,,,,,,,,,,,,,,,,,,,,,,,,,,,,,,,,,,,,,,,,,,,,,,,,,,,,,,,,,,,,,,,,,,,,,,,,,,,,,,,,,,,,,,,,,,,,,,,,,,,,,,,,,,,,,,,,,,,,,,,,,,,,,,,,,,,,,,,,,,,,,,,,,,,,,,,,,,,,,,,,,,,,
R203,,,,,,,,,,,,,,,,,,,,,,,,,,,,,,,,,,,,,,,,,,,,,,,,,,,,,,,,,,,,,,,,,,,,,,,,,,,,,,,,,,,,,,,,,,,,,,,,,,,,,,,,,,,,,,,,,,,,,,,,,,,,,,,,,,,,,,,,,,,,,,,,,,,,,,,,,,,,,,,,,,,,,,,,,,,,,,,,,,,,,,,,,,,,,,,,,,,,,,,,,,,,,,,,,,,,,,,,,,,,,,,,,,,,,,
R204,,,,,,,,,,,,,,,,,,,,,,,,,,,,,,,,,,,,,,,,,,,,,,,,,,,,,,,,,,,,,,,,,,,,,,,,,,,,,,,,,,,,,,,,,,,,,,,,,,,,,,,,,,,,,,,,,,,,,,,,,,,,,,,,,,,,,,,,,,,,,,,,,,,,,,,,,,,,,,,,,,,,,,,,,,,,,,,,,,,,,,,,,,,,,,,,,,,,,,,,,,,,,,,,,,,,,,,,,,,,,,,,,,,,,,
R205,,,,,,,,,,,,,,,,,,,,,,,,,,,,,,,,,,,,,,,,,,,,,,,,,,,,,,,,,,,,,,,,,,,,,,,,,,,,,,,,,,,,,,,,,,,,,,,,,,,,,,,,,,,,,,,,,,,,,,,,,,,,,,,,,,,,,,,,,,,,,,,,,,,,,,,,,,,,,,,,,,,,,,,,,,,,,,,,,,,,,,,,,,,,,,,,,,,,,,,,,,,,,,,,,,,,,,,,,,,,,,,,,,,,,,
R206,,,,,,,,,,,*/βˌɑɾβˈiʎɑ/,,,,,,,,,,,,,,,,,,,,,,,,,,,,,,,,,,,,,,,,,,,,,,,,,,,,,,,,,,,,,,,,,,,,,,,,*/kˌɑβðˈiʎo/,*/kˌɑpˈiʎɑ/,,,,,,,*/kˌɑs̪t̪ˈiʎo/,,,,,,,,,,*/lˌud͡zˈiʎo/,,,,,,,,,,,,,,,,,,,,,,,,,,,,,,,,,,,,,,,,,,,,,,,,,,*/sˈiʎɑ/,,,,,,,,,,,,,,,,,,,,,,,,,,,,,,,,,,,,,,,,,,,,,,,,,,,,,,,,,,,,,,,*/ˌɑmɑɾˈiʎo/,,,,,,,,,,,*/ˌɑs̪t̪ˈiʎɑ/,,,,,
R207,,,,,,,,,,,,,,,,*/ðˌeu̯ðˈoɾ/,,,,,,,,,,,,,,,,,,,,,,,,,*/ˌosu̯t̪ˈɑl/,,,,,,,,,,,,,,,,,*/kˈou̯ðo/,,,,,,,,,,*/kˌomu̯t̪ˈɑɾ/,,,,,,,,,,,,,,,*/kˌɑu̯ðˈiʎo/,,,,,,,,,,,,,,,,,,,,,,,,,,,,,,,,,,,,,,,,,,,,,,,,,,,,,,,,,,,,,,,,,,,,,,,,,,,,,,,,,,,,,,,,,,,,,,,,,,,,,,,,,,,,,,,,,,,,,,,,,,,,,*/ˌɑkˌou̯ðˈɑɾ/,,,,,,,,,,,,,,,,,,,,,,
R208,,,,,,,,,,,,,,,,,,,,,,,,,,,,,,,,,,,,,,,,,,,,,,,,,,,,,,,,,,,,,,,,,,,,,,,,,,,,,,,,,,,,,,,,,,,,,,,,,,,,,,,,,,,,,,,,,,,,,,,,,,,,,,,,,,,,,,,,,,,,,,,,,,,,,,,,,,,,,,,,,,,,,,,,,,,,,,,,,,,,,,,,,,,,,,,,,,,,,,,,,,,,,,,,,,,,,,,,,,,,,,,,,,,,,,
R209,,,,,,,,,,,,,,,,,,,,,,,,,,,,,,,,,,,,,,,,,,,,,,,,,,,,,,,,,,,,,,,,,,,,,,,,,,,,,*/kˌoɾˈɑmɾe/,,,,,,,,,,,,,,,,,*/lˈumɾe/,,,,*/lˌeɣˈumɾe/,,,,,,,,,,,,,,,,,,,*/n̪ˈomɾe/,,,,,,,,,,,,,,,,,,,,,,,,,,,,,,,,,,,,,,,,,,,,,,,,,,,,,,,,,,,,,,,,,,,,,,,,,,,,,,,,,,,,,,,,,,,,,,,,,,,,,,,,,,,,,,,,,
R210,,,,,,,,,,,,,,,,,,,,,,,,,,,,,,,,,,,,,,,,,,,,,,,,,,,,,,,,,,,,,,,,,,,,,,,,,,,,,*/kˌoɾˈɑmbɾe/,,,,,,,,,,,,,,,,,*/lˈumbɾe/,,,,*/lˌeɣˈumbɾe/,,,,,,,,,,,,,,,,,,,*/n̪ˈombɾe/,,,,,,,,,,,,,,,,,,,,,,,,,,,,,,,,,,,,,,,,,,,,,,,,,,,,,,,,,,,,,,,,,,,,,,,,,,,,,,,,,,,,,,,,,,,,,,,,,,,,,,,,,,,,,,,,,
R211,*/βlˌɑn̪ðˈez̪ɑ/,*/βɾˈɑs̪o/,*/βɾˌɑs̪u̯ˈelo/,,,,,,,,,*/ðjˈez̪mo/,,*/ðˌiz̪jˈemβɾe/,,,,,,,,,,,,,,,,,,*/fu̯ˈeɾs̪ɑ/,*/ˈoɾn̪ɑz̪o/,*/ˈɑz̪/,*/ˈos̪/,*/ˌet͡ʃˈiz̪o/,,,,,,*/ˌɑmz̪u̯ˈelo/,*/ʝˌɑz̪ˈeɾ/,,,*/kɾˌes̪ˈeɾ/,,*/ku̯ˈin̪ðez̪/,,,,,,*/s̪jˈen̪t̪o/,*/s̪ˈeʒɑ/,,,,,,,,*/s̪ˌimjˈen̪t̪o/,*/s̪ˌenɾˈɑðɑ/,*/s̪ˌin̪t̪ˈuɾɑ/,,,,,,,,,,,*/kˌorˈos̪o/,,*/kˌojɾˈɑz̪ɑ/,,,*/kˌɑɲˈiz̪o/,,,,,,*/kˌɑs̪ˈɑɾ/,*/kˌɑβˈez̪ɑ/,,,,,*/ljˈen̪s̪o/,,,*/lˈɑŋs̪ɑ/,*/lˈos̪ɑ/,,,,*/lˌuz̪ˈiʎo/,*/lˌumβɾˈiz̪/,,,*/mˈoz̪o/,,,,,,*/mˌes̪t̪ˈiz̪o/,,,,,,,*/pjˈes̪ɑ/,,,,,,,,,,,,,,,,,,*/pˌeʎˈiz̪ɑ/,,,,,,,,,*/ɾˌez̪ˈɑɾ/,,,,,,,,,,*/sˈuz̪jo/,*/sˈɑlz̪e/,,,,,,,,,,*/t̪ɾˌen̪z̪ˈɑɾ/,,,,,,,,,,,,,,,,,,,,,,,,,,,,,,,,*/ˌeŋs̪ˈin̪t̪ɑ/,,,,*/ˌɑβɾˌɑz̪ˈɑɾ/,,,,,,,,*/ˌɑɣu̯ˈɑz̪ɑ/,,,,,,,,,,,,,,*/ˌɑs̪u̯ˈelɑ/,,,,,,*/ˌɑβˈɑz̪/
R212,*/βlˌɑn̪ðˈes̪ɑ/,,,,,,*/βˈeso/,,,,,*/ðjˈes̪mo/,,*/ðˌis̪jˈemβɾe/,,,,*/ðˌesˌɑŋʃn̪ˈɑɾ/,,,,,,,*/fɾˈɑsn̪o/,,,,*/ˈiʃo/,*/ˈoʃɑ/,,,*/ˈoɾn̪ɑs̪o/,*/ˈɑs̪/,,*/ˌet͡ʃˈis̪o/,,,,,,*/ˌɑms̪u̯ˈelo/,*/ʝˌɑs̪ˈeɾ/,,,,,*/ku̯ˈin̪ðes̪/,,,,,,,*/s̪ˈeʃɑ/,,,,,,,*/kˈosɑ/,,,,,,,,,,,,*/kˌoɾðˈoʃo/,,,,*/kˌojɾˈɑs̪ɑ/,,,*/kˌɑɲˈis̪o/,,,,,,,*/kˌɑβˈes̪ɑ/,,*/kˌesˈeɾo/,,,,,,,,,,,*/lˌus̪ˈiʎo/,*/lˌumβɾˈis̪/,,,*/mˈos̪o/,,,*/mˌesn̪ˈɑðɑ/,,,*/mˌes̪t̪ˈis̪o/,,,*/mˌɑʃˈɑðɑ/,,,,,,,*/pɾˈeso/,,,,,,,,,,,,,,,*/pˌeʎˈis̪ɑ/,,,,,,,,,*/ɾˌes̪ˈɑɾ/,,,,,*/spˈoso/,,,,,*/sˈus̪jo/,*/sˈɑls̪e/,,,,,,,,,,*/t̪ɾˌen̪s̪ˈɑɾ/,,*/t̪ˈeʃɑ/,,,,,,,,,,,,,,,,,,,*/ˈoʃo/,,,,,,,,,,*/ˌen̪ðˈeʃɑ/,,,,,*/ˌɑβɾˌɑs̪ˈɑɾ/,,,,,,,,*/ˌɑɣu̯ˈɑs̪ɑ/,,,,,,*/ˌɑɲˈeʃo/,*/ˌɑn̪ɑðˈeʃɑ/,,*/ˌɑβˈeʃɑ/,,,*/ˌɑɾt̪ˈeʃo/,*/ˌɑsn̪ˈeɾo/,,,,,,,*/ˌɑβˈɑs̪/
R213,,,,,,*/βˌɑʎˈest̪ɑ/,,,,,,,,,,,,,,,,,,,,,,,,,,,,,,,,,,*/ˌɑst̪ˈio/,,,,,,,,,,,,,,,,,,,,,,,,,,,,,,,*/kˌost̪ˈɑɾ/,,,,,,,,,,,,,,,,,,,,*/kˌɑst̪ˈiʎo/,,,,,,,,,,,,,,,,,,,,*/mˌest̪ˈis̪o/,,,,,*/mˌɑˈest̪ɾo/,,,,,,*/pɾˌimˈɑzɣo/,,,,,,,,,,,,,,,,,,,,,,,,,,,,,,,,,,,,,,,,,,,,,,,,,,,,,,,,,,,,,,,,,,,,,,,,,,,,,,,,,,,,,,,,,,,,,,,,,,,,,,,*/ˌɑst̪ˈiʎɑ/,*/ˌɑst̪ˈoɾɣɑ/,,,,
R214,,,,,,,,,,,,,,,,,,*/ðˌesˌɑŋxn̪ˈɑɾ/,,,,,,,,*/fɾˌixu̯ˈelo/,,,*/ˈixo/,*/ˈoxɑ/,,,,,,,,,,,,,,,,,,,,,,,,,*/s̪ˈexɑ/,*/kˈoxo/,,,,,,,,,,,,,,,,,,*/kˌoɾðˈoxo/,,,,,,,,,,,,*/kˌɑxu̯ˈelɑ/,,,,,,,,,,,,,,,,,,,,,,,,,,,,*/mˌɑxˈɑðɑ/,,,,,,,,,,,,,,,,,,,,,,,,*/pˌuxˈɑɾ/,,,,,,,,,,,,,,,,,,,,,,,,,,,,,,*/t̪ˈexɑ/,,,,*/t̪ˌexˈon̪/,*/ɣʷˌexˈiɣɑ/,,,,,,,,,,,,,,*/ˈoxo/,,*/ˈexe/,,,,,,*/ˌexˈiðo/,,*/ˌen̪ðˈexɑ/,,,,,,,,,,,,,,,,,,,*/ˌɑɲˈexo/,*/ˌɑn̪ɑðˈexɑ/,,*/ˌɑβˈexɑ/,,,*/ˌɑɾt̪ˈexo/,,,,,,,,
R215,*/βlˌɑn̪ðˈeθɑ/,*/βɾˈɑθo/,*/βɾˌɑθu̯ˈelo/,,,,,,,,,,,*/ðˌiθjˈemβɾe/,,,,,,,,,,,,,,,,,,*/fu̯ˈeɾθɑ/,*/ˈoɾn̪ɑθo/,,,*/ˌet͡ʃˈiθo/,,,,,,*/ˌɑmθu̯ˈelo/,*/ʝˌɑθˈeɾ/,,,*/kɾˌeθˈeɾ/,,,,,,,,*/θjˈen̪t̪o/,*/θˈexɑ/,,,,,,,,*/θˌimjˈen̪t̪o/,*/θˌenɾˈɑðɑ/,*/θˌin̪t̪ˈuɾɑ/,,,,,,,,,,,*/kˌorˈoθo/,,*/kˌojɾˈɑθɑ/,,,*/kˌɑɲˈiθo/,,,,,,*/kˌɑθˈɑɾ/,*/kˌɑβˈeθɑ/,,,,,*/ljˈen̪θo/,,,*/lˈɑŋθɑ/,*/lˈoθɑ/,,,,*/lˌuθˈiʎo/,,,,*/mˈoθo/,,,,,,*/mˌest̪ˈiθo/,,,,,,,*/pjˈeθɑ/,,,,,,,,,,,,,,,,,,*/pˌeʎˈiθɑ/,,,,,,,,,*/ɾˌeθˈɑɾ/,,,,,,,,,,*/sˈuθjo/,*/sˈɑlθe/,,,,,,,,,,*/t̪ɾˌen̪θˈɑɾ/,,,,,,,,,,,,,,,,,,,,,,,,,,,,,,,,*/ˌeŋθˈin̪t̪ɑ/,,,,*/ˌɑβɾˌɑθˈɑɾ/,,,,,,,,*/ˌɑɣu̯ˈɑθɑ/,,,,,,,,,,,,,,*/ˌɑθu̯ˈelɑ/,,,,,,
R216,,,,,,,,,,,,,,,,,,,,,,,,,,,,,,,,,,*/ˈɑθ/,*/ˈoθ/,,,,,,,,,,,,,*/ku̯ˈin̪ðeθ/,,,,,,,,,,,,,,,,,,,,,,,,,,,,,,,,,,,,,,,,,,,,,,,,,,,,,,*/lˌumβɾˈiθ/,,,,,,,,,,,,,,,,,,,,,,,,,,,,,,,,,,,,,,,,,,,,,,,,,,,,,,,,,,,,,,,,,,,,,,,,,,,,,,,,,,,,,,,,,,,,,,,,,,,,,,,,,,,,,,,,,,,,,,,,,,,,,,,,*/ˌɑβˈɑθ/
R217,,,,,,,,,,,,,,,,,,,,,,,,,*/fɾˈɑzn̪o/,,,,,,,,,,,,,,,,,,,,,,,,,,,,,,,,,,,,,,,,,,,,,,,,,,,,,,,,,,,,,,,,,,,,,,,,,,,,,,,,,,,*/mˌezn̪ˈɑðɑ/,,,,,,,,,,,,,,,,,,,,,,,,,,,,,,,,,,,,,,,,,,,,,,,,,,,,,,,,,,,,,,,,,,,,,,,,,,,,,,,,,,,,,,,,,,,,,,,,,,,,,,,,,,,,,,,,,,,*/ˌɑzn̪ˈeɾo/,,,,,,,
R218,,,,,,,,,,,,,,,,,,,,,,,,,,,,,,,,,,,,,,,,,,,,,,,,,,,,,,,,,,,,,,,,,,,,,,,,,,,,,,,,,,,,,,,,,,,,,,,,,,,,,,,,,,,,,,,,,,,,,,,,,,,,,,,,,,,,,,,,,,,,,,,,,,,,,,,,,,,,,,,,,,,,,,,,,,,,,,,,,,,,,,,,,,,,,,,,,,,,,,,,,,,,,,,,,,,,,,,,,,,,,,,,,,,,,,
R219,,,,,,,,,,,,,,,,,,,,,,,,,,,,,,,,,,,,,,,,,,,,,,,,,,,,,,,,,,,,,,,,,,,,,,,,,,,,,,,,,,,,,,,,,,,,,,,,,,,,,,,,,,,,,,,,,,,,,,,,,,,,,,,,,,,,,,,,,,,,,,,,,,,,,,,,,,,,,,,,,,,,,,,,,,,,,,,,,,,,,,,,,,,,,,,,,,,,,,,,,,,,,,,,,,,,,,,,,,,,,,,,,,,,,,
R220,,,,,,,,,,,,,,,,,,,,,,,,,,,,,,,,,,,,,,,,,,,,,,,,,,,,,,,,,,,,,,,,,,,,,,,,,,,,,,,,,,,,,,,,,,,,,,,,,,,,,,,,,,,,,,,,,,,,,,,,,,,,,,,,,,,,,,,,,,,,,,,,,,,,,*/esku̯ˈelɑ/,*/espˈoso/,,,,,,,,,,,,,,,,,,,,,,,,,,,,,,,,,,,,,,,,,,,,,,,,,,,,,,,,,,,,,,,,,,,,,,,,,,,,,,,,
R221,,,,,,,,,,,,,,,,,,,,,,,,,,,,,,,,,,,,,,,,,,,,,,,,,,,,,,,,,,,,,,,,,,,,,,,,,,,,,,,,,,,,,,,,,,,,,,,,,,,,,,,,,,,,,,,,,,,,,,,,,,,,,,,,,,,,,,,,,,,,,,,,,,,,,,,,,,,,,,,,,,,,,,,,,,,,,,,,,,,,,,,,,,,,,,,,,,,,,,,,,,,,,,,,,,,,,,,,,,,,,,,,,,,,,,
R222,,,,,,,,,,,,,,,,,,,,,,,,,,,,,,,,,,,,,,,,,,,,,,,,,,,,,,,,,,,,,,,,,,,,,,,,,,,,,,,,,,,,,,,,,,,,,,,,,,,,,,,,,,,,,,,,,,,,,,,,,,,,,,,,,,,,,,,,,,,,,,*/rˈiʝo/,*/rˈɑʝo/,*/rˈɑβɑn̪o/,*/rˌeθˈɑɾ/,*/ru̯ˈiðo/,*/rˌɑskˈɑɾ/,,,,,,,,,,,,,,,,,,,,,,,,,,,,,,,,,,,,,,,,,,,,,,,,,,,,,,,,,,,,,,,,,,,,,,,,,,,,,,,,,,,
R223,*/blˌɑn̪d̪ˈeθɑ/,*/bɾˈɑθo/,*/bɾˌɑθu̯ˈelo/,*/bˈokɑ/,*/bˈeɡɑ/,*/bˌɑʎˈest̪ɑ/,*/bˈeso/,*/bˈɑso/,*/bˌelˈeɲo/,*/bˌorˈen̪/,*/bˌɑɾbˈiʎɑ/,*/d̪jˈes̪mo/,*/d̪ˈen̪t̪ɾo/,*/d̪ˌiθjˈembɾe/,*/d̪ˈos/,*/d̪ˌeu̯d̪ˈoɾ/,*/d̪ˌespˈet͡ʃo/,*/d̪ˌesˌɑŋxn̪ˈɑɾ/,*/d̪ˌet͡ʃˈɑd̪o/,*/d̪ˌomˈiŋɡo/,,,,,,,*/fjˈebɾe/,,,,,,,,,,,*/ˌɑmˈelɡo/,,,,,,,,,,*/ku̯ˈin̪d̪eθ/,*/ku̯ˈɑn̪d̪o/,,,,*/ku̯jˈed̪ˈɑɾ/,,,,,*/kˈou̯d̪o/,,,,,,*/θˌenɾˈɑd̪ɑ/,,*/kˌulˈebɾɑ/,,,*/kˌompˈɑŋɡo/,*/kˌun̪d̪ˈut͡ʃo/,,,,*/kˌoɾd̪ˈoxo/,,,,,*/kˌubjˈeɾt̪o/,*/kˌuʝd̪ˈɑɾ/,,*/kˌɑbeʎɑd̪ˈuɾɑ/,*/kˌɑu̯d̪ˈiʎo/,,*/kˌɑbɾˈeɾo/,,,*/kˌɑbˈeθɑ/,*/kˌɑrɡˈɑɾ/,,,*/kˌɑn̪d̪ˈɑd̪o/,,,,,,*/lˌeɡˈumbɾe/,,*/lˌid̪jˈɑɾ/,,*/lˌumbɾˈiθ/,*/lˌɑɡu̯jˈɑɾ/,,,,,*/mˌezn̪ˈɑd̪ɑ/,,,,,,*/mˌɑxˈɑd̪ɑ/,*/mˌɑd̪ˈeɾɑ/,,,,,*/ʎˌeɡˈɑɾ/,,*/pɾˌimˈɑzɡo/,*/pjˈeɾd̪ed̪ɑ/,*/pˈed̪ɾɲo/,,,,,*/pˈulɡɑ/,,,*/pˌed̪ˈuɡo/,,,*/pˌeʎɡˈɑɾ/,,,,,,*/pˌɑɾd̪ˈin̪ɑs/,,,*/rˈɑbɑn̪o/,,*/ru̯ˈid̪o/,,*/sˈen̪d̪ɑ/,,,,,,,,,,*/sˈɑŋɡu̯en̪/,,*/sˌiɡu̯jˈen̪t̪e/,,,*/sˌubˈeɾbjɑ/,,,,*/t̪ˈibjo/,,,*/t̪ˈuɾbjo/,,,*/ɡʷˌexˈiɡɑ/,*/ɡʷˈɑʝn̪ɑ/,*/ɡʷˈit͡ʃo/,*/ɡʷwˈit̪ɾe/,*/ɡʷˌiɾu̯ˈelɑ/,,*/lˈɑn̪d̪e/,*/ɡɾjˈeɡo/,*/ɡˈubjɑ/,,*/ɡˌɑʎˈin̪ɑ/,,*/ˈebɾo/,,,,,*/ˈɑn̪d̪es/,,,,,*/ˌexˈid̪o/,,*/ˌen̪d̪ˈexɑ/,,*/ˌinlˈɑɡu̯jɑ/,,*/ˌoɾd̪ˈeɲo/,*/ˌɑbɾˌɑθˈɑɾ/,*/ˌɑbˈɑd̪/,*/ˌɑd̪ˌoɡɑd̪ˈoɾ/,*/ˌɑd̪u̯jˈeso/,,,*/ˌɑkˌou̯d̪ˈɑɾ/,,*/ˌɑɡu̯ˈɑθɑ/,,,*/ˌɑlɑd̪jˈeɾn̪o/,,*/ˌɑmˈɑɾɡo/,,*/ˌɑn̪ɑd̪ˈexɑ/,,*/ˌɑbˈexɑ/,,,,,,,*/ˌɑst̪ˈoɾɡɑ/,,*/ˌɑɡʷwˈeɾo/,,*/ˌɑbˈɑθ/
R224,,,,,,,,,,,,,,,,,,*/d̪ˌesˌɑn̪xn̪ˈɑɾ/,,*/d̪ˌomˈin̪ɡo/,,,,,,,,,,,,,,,,,,,,,,,,,,,,,,,,,,,,,,,,,,,,,,,,,*/kˌompˈɑn̪ɡo/,,,,,,,,,,,,,,,,,,,,,,,,,,,*/lˈɑn̪θɑ/,,,,,,,,,,,*/mˈɑn̪t͡ʃɑ/,,,,,,,,,,,,,,,,,,,,,,,,,,,,,,,,,,,,,,,,,,,,,,,,,,,*/sˈɑn̪ɡu̯en̪/,,,,,,,,,,,,,,,,,,,,,,,,,,,,,,,,,*/ˈɑn̪sjɑ/,,,,,,,*/ˌen̪θˈin̪t̪ɑ/,,,,,,,,,,,,,,,,,,,,,,,,,,,,,,,,
R225,,,,,,,,,,,,,,,,,,,,,,,,,*/fɾˈɑsn̪o/,,,,,,,,,,,,,,,,,,,,,,,,,,,,,,,,,,,,,,,,,,,,,,,,,,,,,,,,,,,,,,,,,,,,,,,,,,,,,,,,,,,*/mˌesn̪ˈɑd̪ɑ/,,,,,,,,,,,,,,*/pɾˌimˈɑsɡo/,,,,,,,,,,,,,,,,,,,,,,,,,,,,,,,,,,,,,,,,,,,,,,,,,,,,,,,,,,,,,,,,,,,,,,,,,,,,,,,,,,,,,,,,,,,,,,,,,,,,,*/ˌɑsn̪ˈeɾo/,,,,,,,
R226,*/blɑn̪d̪ˈeθɑ/,,*/bɾɑθu̯ˈelo/,,,*/bɑʎˈest̪ɑ/,,,*/belˈeɲo/,*/borˈen̪/,*/bɑɾbˈiʎɑ/,,,*/d̪iθjˈembɾe/,,*/d̪eu̯d̪ˈoɾ/,*/d̪espˈet͡ʃo/,*/d̪esɑn̪xn̪ˈɑɾ/,*/d̪et͡ʃˈɑd̪o/,*/d̪omˈin̪ɡo/,,,,,,*/fɾixu̯ˈelo/,,,,,,,,,,*/et͡ʃˈiθo/,*/et͡ʃˈuɾɑ/,*/ɑmˈelɡo/,*/ɑɾˈin̪ɑ/,*/ɑst̪ˈio/,*/osu̯t̪ˈɑl/,*/ɑmθu̯ˈelo/,*/ʝɑθˈeɾ/,,,*/kɾeθˈeɾ/,,,,,,*/ku̯eɾˈeɾ/,,,,,,,,,,,*/θimjˈen̪t̪o/,*/θenɾˈɑd̪ɑ/,*/θin̪t̪ˈuɾɑ/,*/kulˈebɾɑ/,*/kompɾˈɑɾ/,*/komu̯t̪ˈɑɾ/,*/kompˈɑn̪ɡo/,*/kun̪d̪ˈut͡ʃo/,*/kost̪ˈɑɾ/,*/kost̪ˈuɾɑ/,*/kun̪t̪ɾˈet͡ʃo/,*/koɾd̪ˈoxo/,*/korˈiɑ/,*/korˈoθo/,*/koɾˈɑmbɾe/,*/kojɾˈɑθɑ/,*/kubjˈeɾt̪o/,*/kuʝd̪ˈɑɾ/,*/kɑɲˈiθo/,*/kɑbeʎɑd̪ˈuɾɑ/,*/kɑu̯d̪ˈiʎo/,*/kɑpˈiʎɑ/,*/kɑbɾˈeɾo/,*/kɑxu̯ˈelɑ/,*/kɑθˈɑɾ/,*/kɑbˈeθɑ/,*/kɑrɡˈɑɾ/,*/kesˈeɾo/,*/kɑst̪ˈiʎo/,*/kɑn̪d̪ˈɑd̪o/,,,,,,*/leɡˈumbɾe/,,*/lid̪jˈɑɾ/,*/luθˈiʎo/,*/lumbɾˈiθ/,*/lɑɡu̯jˈɑɾ/,,,,,*/mesn̪ˈɑd̪ɑ/,,*/menɾˈɑɾ/,*/mest̪ˈiθo/,*/moskˈɑɾ/,*/mɑʝɾˈin̪o/,*/mɑxˈɑd̪ɑ/,*/mɑd̪ˈeɾɑ/,*/mɑˈest̪ɾo/,,,,*/ʎeɡˈɑɾ/,,*/pɾimˈɑsɡo/,,,,,,,,,,*/ped̪ˈuɡo/,,*/pet̪ɾˈɑl/,*/peʎɡˈɑɾ/,*/peʎˈiθɑ/,*/puljˈen̪t̪ɑ/,*/puxˈɑɾ/,,*/polˈio/,*/pɑɾd̪ˈin̪ɑs/,,,,*/reθˈɑɾ/,,*/rɑskˈɑɾ/,,,,,,,,,,,,,*/siɡu̯jˈen̪t̪e/,,*/sulˈeɾ/,*/subˈeɾbjɑ/,*/sɑˈin̪ɑ/,,*/t̪ɾen̪θˈɑɾ/,,,,,,*/t̪exˈon̪/,*/ɡʷexˈiɡɑ/,,,,*/ɡʷiɾu̯ˈelɑ/,*/ɑt̪ɾˈɑs/,,,,*/eɾmˈɑn̪o/,*/ɡɑʎˈin̪ɑ/,,,,,,,,,,*/ojˈeso/,,*/exˈid̪o/,*/empu̯ˈest̪o/,*/en̪d̪ˈexɑ/,*/en̪θˈin̪t̪ɑ/,*/inlˈɑɡu̯jɑ/,*/en̪t̪ˈeɾo/,*/oɾd̪ˈeɲo/,*/ɑbɾɑθˈɑɾ/,*/ɑbˈɑd̪/,*/ɑd̪oɡɑd̪ˈoɾ/,*/ɑd̪u̯jˈeso/,*/ɑfɾˈen̪t̪ɑ/,*/ɑfɾˈet͡ʃo/,*/ɑkou̯d̪ˈɑɾ/,*/ɑkɑt̪ˈɑɾ/,*/ɑɡu̯ˈɑθɑ/,*/ɑlˈen̪o/,*/ot̪ˈeɾo/,*/ɑlɑd̪jˈeɾn̪o/,*/ɑmɑɾˈiʎo/,*/ɑmˈɑɾɡo/,*/ɑɲˈexo/,*/ɑn̪ɑd̪ˈexɑ/,*/ɑpˈeɾo/,*/ɑbˈexɑ/,*/ɑɾkˈeɾo/,*/ɑɾmˈeɾo/,*/ɑɾt̪ˈexo/,*/ɑsn̪ˈeɾo/,*/ɑθu̯ˈelɑ/,*/ɑst̪ˈiʎɑ/,*/ɑst̪ˈoɾɡɑ/,*/ot̪ˈoɲo/,*/ɑɡʷwˈeɾo/,*/ɑɲˈin̪o/,*/ɑbˈɑθ/
R227,,,,,,*/bɑʝˈest̪ɑ/,,,,,*/bɑɾbˈiʝɑ/,,,,,,,,,,*/ʝˈɑmɑ/,,,,,,,,,,,,,,,,,,,,,,,,,,,,,,,,,,,,,,,,,,,,,,,,,,,,,,,,,,,,,*/kɑbeʝɑd̪ˈuɾɑ/,*/kɑu̯d̪ˈiʝo/,*/kɑpˈiʝɑ/,,,,,,,*/kɑst̪ˈiʝo/,,,,,,,,,,*/luθˈiʝo/,,,,,,,,,,,,,,,,,,*/ʝˈɑn̪t̪o/,*/ʝeɡˈɑɾ/,,,,,*/pˈeʝɑ/,,,,,,,,,,*/peʝɡˈɑɾ/,*/peʝˈiθɑ/,,,,,,,,,,,,,,,*/sˈiʝɑ/,,,,,,,,,,*/sˈeʝo/,,,,*/t̪ɾˈoʝɑ/,,,,,,,,,,,,,,,,,,*/ɡɑʝˈin̪ɑ/,,,,,,,,,,,,,,,,,,,,,,,,,,,,,,,*/ɑmɑɾˈiʝo/,,,,,,,,,,,*/ɑst̪ˈiʝɑ/,,,,,
